fips	population
01001	60342
01003	253507
01005	24585
01007	21868
01009	59816
01011	9897
01013	18382
01015	116429
01017	34079
01019	25666
01021	46431
01023	12252
01025	22337
01027	14111
01029	15639
01031	55643
01033	58361
01035	11174
01037	10268
01039	37952
01041	13101
01043	92016
01045	49871
01047	36165
01049	72569
01051	90441
01053	36558
01055	103241
01057	15967
01059	31802
01061	26988
01063	7341
01065	14888
01067	17899
01069	108462
01071	53467
01073	662895
01075	13661
01077	96814
01079	33502
01081	183215
01083	114654
01085	9717
01087	18370
01089	412600
01091	18684
01093	29244
01095	100756
01097	411640
01099	19229
01101	224980
01103	125133
01105	7738
01107	18688
01109	33137
01111	22786
01113	58744
01115	95552
01117	233000
01119	11727
01121	81132
01123	40677
01125	237373
01127	64728
01129	15022
01131	9944
01133	23611
02013	3461
02016	5160
02020	286075
02050	18224
02060	844
02068	1584
02070	4607
02090	94840
02100	2070
02105	2262
02110	31555
02122	61223
02130	13738
02150	12565
02158	8001
02164	1331
02170	115239
02180	9763
02185	10603
02188	7361
02195	3427
02198	5696
02220	8282
02230	1095
02240	7077
02261	24447
02275	2064
02282	687
02290	5129
04001	65036
04003	124640
04005	144472
04007	54003
04009	39525
04011	9369
04012	16710
04013	4585871
04015	223682
04017	109175
04019	1063162
04021	484239
04023	49158
04025	249081
04027	213221
05001	16307
05003	18262
05005	42875
05007	311013
05009	38530
05011	10104
05013	4641
05015	28814
05017	9538
05019	21274
05021	14201
05023	25445
05025	7378
05027	22150
05029	21077
05031	113993
05033	61891
05035	47139
05037	16420
05039	6185
05041	10479
05043	16945
05045	129951
05047	17468
05049	12421
05051	99784
05053	18383
05055	46743
05057	19343
05059	33258
05061	12533
05063	38320
05065	14169
05067	16784
05069	63661
05071	26129
05073	6095
05075	16318
05077	8201
05079	12898
05081	11805
05083	21400
05085	75944
05087	17775
05089	17514
05091	42415
05093	38663
05095	6512
05097	8620
05099	8120
05101	7071
05103	21793
05105	10184
05107	14961
05109	10208
05111	22397
05113	19436
05115	64593
05117	8036
05119	400009
05121	18907
05123	22101
05125	129574
05127	9851
05129	7806
05131	129098
05133	15632
05135	17968
05137	12671
05139	37397
05141	16142
05143	261549
05145	78452
05147	5964
05149	20044
06001	1622188
06003	1141
06005	41811
06007	207172
06009	46565
06011	22037
06013	1155025
06015	26589
06017	192215
06019	1017162
06021	28129
06023	133985
06025	179057
06027	18527
06029	913820
06031	152682
06033	67878
06035	28861
06037	9663345
06039	162858
06041	254407
06043	16919
06045	89108
06047	291920
06049	8500
06051	13066
06053	430723
06055	133216
06057	102037
06059	3135755
06061	423561
06063	19131
06065	2492442
06067	1584288
06069	68175
06071	2195611
06073	3269973
06075	808988
06077	800965
06079	281639
06081	726353
06083	441257
06085	1877592
06087	261547
06089	180366
06091	3200
06093	42905
06095	449218
06097	481812
06099	551430
06101	97948
06103	64896
06105	15670
06107	479468
06109	54204
06111	829590
06113	220544
06115	85722
08001	533365
08003	16655
08005	656061
08007	14189
08009	3344
08011	5681
08013	326831
08014	76860
08015	20617
08017	1727
08019	9147
08021	7521
08023	3628
08025	5636
08027	5534
08029	31746
08031	716577
08033	2513
08035	383906
08037	54381
08039	28806
08041	744215
08043	50318
08045	62707
08047	5926
08049	15935
08051	17321
08053	765
08055	7055
08057	1309
08059	576366
08061	1384
08063	6994
08065	7365
08067	56407
08069	370771
08071	14348
08073	5480
08075	20619
08077	159681
08079	944
08081	13327
08083	26531
08085	44156
08087	29524
08089	18136
08091	5176
08093	18117
08095	4476
08097	16640
08099	11751
08101	169422
08103	6569
08105	11188
08107	25064
08109	6688
08111	802
08113	7868
08115	2299
08117	30465
08119	24617
08121	4855
08123	359442
08125	9862
09001	401908
09003	401908
09005	401908
09007	401908
09009	401908
09011	401908
09013	401908
09015	401908
10001	189789
10003	578592
10005	263509
11001	678972
12001	285994
12003	28368
12005	190769
12007	27858
12009	643979
12011	1962531
12013	13470
12015	206134
12017	166696
12019	232439
12021	404310
12023	73063
12027	35979
12029	17465
12031	1030822
12033	326928
12035	131439
12037	12594
12039	43833
12041	19587
12043	12786
12045	15693
12047	13471
12049	25760
12051	43333
12053	212807
12055	107614
12057	1535564
12059	19944
12061	169795
12063	48622
12065	15450
12067	8078
12069	424462
12071	834573
12073	296913
12075	46545
12077	7706
12079	18519
12081	441095
12083	409959
12085	163315
12086	2686867
12087	80614
12089	101501
12091	218464
12093	41427
12095	1471416
12097	437784
12099	1533801
12101	632996
12103	961596
12105	818330
12107	75955
12109	320110
12111	373586
12113	203162
12115	469013
12117	484271
12119	151565
12121	46130
12123	21582
12125	15532
12127	590357
12129	36449
12131	86354
12133	25602
13001	18457
13003	8293
13005	11124
13007	2743
13009	43396
13011	19789
13013	92792
13015	115041
13017	17128
13019	18570
13021	156512
13023	12465
13025	18401
13027	16245
13029	49739
13031	84327
13033	24438
13035	26887
13037	5457
13039	58118
13043	11059
13045	127098
13047	68910
13049	12934
13051	303655
13053	8661
13055	25222
13057	286602
13059	129933
13061	2853
13063	298300
13065	6746
13067	776743
13069	43317
13071	46167
13073	165162
13075	17714
13077	155892
13079	12277
13081	19631
13083	16165
13085	31732
13087	29087
13089	762992
13091	19776
13093	10981
13095	82645
13097	149160
13099	10563
13101	3709
13103	71541
13105	20013
13107	23119
13109	10754
13111	25955
13113	123351
13115	100113
13117	272887
13119	24782
13121	1079105
13123	32860
13125	2954
13127	86172
13129	59757
13131	26066
13133	20722
13135	983526
13137	48757
13139	217267
13141	8676
13143	32038
13145	36654
13147	27556
13149	12034
13151	254613
13153	171974
13155	9120
13157	88615
13159	16455
13161	14906
13163	15183
13165	8627
13167	9282
13169	28969
13171	20401
13173	10452
13175	49941
13177	33872
13179	69210
13181	7879
13183	19594
13185	120712
13187	35258
13189	21799
13191	11501
13193	11817
13195	32191
13197	7440
13199	20931
13201	5747
13205	21114
13207	30625
13209	8761
13211	21460
13213	41035
13215	201877
13217	120135
13219	44182
13221	15754
13223	183164
13225	28805
13227	35969
13229	20425
13231	20461
13233	44223
13235	10095
13237	23129
13239	2280
13241	17442
13243	6078
13245	205414
13247	95987
13249	4526
13251	14174
13253	9092
13255	69946
13257	27228
13259	4674
13261	28890
13263	5718
13265	1609
13267	24296
13269	7758
13271	10920
13273	8718
13275	45649
13277	41554
13279	27040
13281	13035
13283	6341
13285	70742
13287	8909
13289	7691
13291	27124
13293	28263
13295	69489
13297	106702
13299	36243
13301	5106
13303	19820
13305	31373
13307	2337
13309	7081
13311	29026
13313	103687
13315	8779
13317	9518
13319	8725
13321	20273
15001	207615
15003	989408
15005	81
15007	73851
15009	164183
16001	524673
16003	4903
16005	90400
16007	6766
16009	10369
16011	50395
16013	25041
16015	8517
16017	52547
16019	131366
16021	13557
16023	2758
16025	1232
16027	257674
16029	7219
16031	25696
16033	801
16035	9214
16037	4523
16039	29724
16041	15494
16043	14196
16045	21071
16047	16061
16049	17890
16051	34198
16053	25479
16055	185010
16057	41301
16059	8441
16061	3739
16063	5450
16065	54547
16067	22480
16069	42987
16071	4953
16073	12722
16075	27279
16077	8253
16079	14026
16081	12549
16083	95156
16085	12644
16087	11425
17001	64441
17003	4695
17005	16450
17007	53202
17009	6294
17011	32729
17013	4317
17015	15526
17017	12596
17019	205644
17021	33228
17023	15088
17025	12999
17027	36785
17029	46060
17031	5087072
17033	18300
17035	10261
17037	100288
17039	15365
17041	19629
17043	921213
17045	16334
17047	5968
17049	34331
17051	21164
17053	13250
17055	37138
17057	32541
17059	4670
17061	11543
17063	53578
17065	7911
17067	17186
17069	3569
17071	6088
17073	48448
17075	26136
17077	52141
17079	9144
17081	36320
17083	21091
17085	21756
17087	13326
17089	514982
17091	105940
17093	139976
17095	48411
17097	708760
17099	108309
17101	14813
17103	33654
17105	35320
17107	27590
17109	26839
17111	312800
17113	170441
17115	100591
17117	44018
17119	262752
17121	36673
17123	11683
17125	12523
17127	13661
17129	11954
17131	15487
17133	34957
17135	27663
17137	32140
17139	14342
17141	51265
17143	177513
17145	20503
17147	16714
17149	14342
17151	3707
17153	4911
17155	5561
17157	29815
17159	15488
17161	141236
17163	251018
17165	22873
17167	193491
17169	6733
17171	4710
17173	20568
17175	5218
17177	43105
17179	129541
17181	16667
17183	71652
17185	10942
17187	16185
17189	13536
17191	15761
17193	13401
17195	54498
17197	700728
17199	66706
17201	280922
17203	38285
18001	36288
18003	394545
18005	84003
18007	8729
18009	11893
18011	76120
18013	15653
18015	20525
18017	37666
18019	125467
18021	26460
18023	32730
18025	10438
18027	33656
18029	51215
18031	26399
18033	44198
18035	112321
18037	43546
18039	206409
18041	23362
18043	80809
18045	16731
18047	23096
18049	20358
18051	32904
18053	66200
18055	31196
18057	371645
18059	86166
18061	40006
18063	186387
18065	48929
18067	83831
18069	36781
18071	46460
18073	33535
18075	20032
18077	33056
18079	27622
18081	167819
18083	36070
18085	80364
18087	40907
18089	500598
18091	111706
18093	45084
18095	132504
18097	968460
18099	46352
18101	9897
18103	35402
18105	139342
18107	38573
18109	73227
18111	13960
18113	47430
18115	6004
18117	19638
18119	21532
18121	16484
18123	19209
18125	12106
18127	175335
18129	25040
18131	12385
18133	37567
18135	24216
18137	29227
18139	16847
18141	272848
18143	24657
18145	45231
18147	19910
18149	23206
18151	34917
18153	20757
18155	10019
18157	188792
18159	15256
18161	6973
18163	179810
18165	15417
18167	106153
18169	30670
18171	8518
18173	65867
18175	28205
18177	66127
18179	28555
18181	24917
18183	34742
19001	7389
19003	3544
19005	14074
19007	12119
19009	5534
19011	25796
19013	130471
19015	26590
19017	25307
19019	20691
19021	20567
19023	14172
19025	9763
19027	20522
19029	13130
19031	18302
19033	42406
19035	11605
19037	11658
19039	9588
19041	16511
19043	16969
19045	46158
19047	16013
19049	111092
19051	9169
19053	7665
19055	17600
19057	38253
19059	18056
19061	98887
19063	9229
19065	19210
19067	15326
19069	9875
19071	6458
19073	8584
19075	12384
19077	10722
19079	14729
19081	10615
19083	16463
19085	14670
19087	19547
19089	9376
19091	9500
19093	6833
19095	16381
19097	19342
19099	37919
19101	15440
19103	157528
19105	20900
19107	9914
19109	14396
19111	32565
19113	228972
19115	10513
19117	8747
19119	12324
19121	16971
19123	21874
19125	33770
19127	40014
19129	14633
19131	10518
19133	8493
19135	7504
19137	10139
19139	42218
19141	14012
19143	5978
19145	15014
19147	8810
19149	25722
19151	6976
19153	505255
19155	93179
19157	18453
19159	4642
19161	9686
19163	174270
19165	11806
19167	36246
19169	98566
19171	16833
19173	5924
19175	11906
19177	7266
19179	35166
19181	55205
19183	22560
19185	6557
19187	36485
19189	10571
19191	19815
19193	105951
19195	7297
19197	12656
20001	12412
20003	7838
20005	16016
20007	4071
20009	24899
20011	14408
20013	9250
20015	68632
20017	2579
20019	3347
20021	19054
20023	2636
20025	1847
20027	8007
20029	8854
20031	8251
20033	1655
20035	34157
20037	38764
20039	2712
20041	18445
20043	7493
20045	120553
20047	2733
20049	2467
20051	28810
20053	6357
20055	37466
20057	33980
20059	26125
20061	35047
20063	2735
20065	2376
20067	7147
20069	5743
20071	1181
20073	5870
20075	2437
20077	5435
20079	33504
20081	3630
20083	1655
20085	13368
20087	18327
20089	2847
20091	622237
20093	3823
20095	7066
20097	2374
20099	19728
20101	1529
20103	83518
20105	2920
20107	9860
20109	2665
20111	32172
20113	30091
20115	11690
20117	9933
20119	3911
20121	35320
20123	5719
20125	30568
20127	5334
20129	2580
20131	10114
20133	15420
20135	2618
20137	5330
20139	15824
20141	3427
20143	5818
20145	6126
20147	4761
20149	26382
20151	9082
20153	2463
20155	61497
20157	4627
20159	9260
20161	71402
20163	4778
20165	2830
20167	6723
20169	53098
20171	4922
20173	528469
20175	21067
20177	177746
20179	2423
20181	5844
20183	3590
20185	3909
20187	1901
20189	5077
20191	22334
20193	7865
20195	2731
20197	7057
20199	1509
20201	5504
20203	2082
20205	8382
20207	3115
20209	165281
21001	19264
21003	21788
21005	24613
21007	7582
21009	45008
21011	12975
21013	23317
21015	140496
21017	20134
21019	47826
21021	30988
21023	8426
21025	12953
21027	21124
21029	84863
21031	12375
21033	12551
21035	38280
21037	93702
21039	4704
21041	10987
21043	26366
21045	15918
21047	72032
21049	37304
21051	19648
21053	9148
21055	8974
21057	6000
21059	103458
21061	12448
21063	7245
21065	13936
21067	320154
21069	15442
21071	34423
21073	51644
21075	6338
21077	8792
21079	17829
21081	25619
21083	36461
21085	26825
21087	11468
21089	35221
21091	8920
21093	112273
21095	25324
21097	19415
21099	19724
21101	44119
21103	15973
21105	4447
21107	44929
21109	13104
21111	772144
21113	55017
21115	22116
21117	171321
21119	13659
21121	29794
21123	15303
21125	63296
21127	16000
21129	7293
21131	9864
21133	20423
21135	12973
21137	24776
21139	8892
21141	28283
21143	9187
21145	67428
21147	17050
21149	9054
21151	96735
21153	11228
21155	19834
21157	31744
21159	10928
21161	16841
21163	30131
21165	6286
21167	23097
21169	10482
21171	11306
21173	28527
21175	14283
21177	30568
21179	47730
21181	7686
21183	23626
21185	70183
21187	11313
21189	4001
21191	14810
21193	27133
21195	55973
21197	12972
21199	66191
21201	2313
21203	16190
21205	24409
21207	18279
21209	60168
21211	49515
21213	20195
21215	20531
21217	26443
21219	12494
21221	14369
21223	8607
21225	13106
21227	142229
21229	12267
21231	19580
21233	12726
21235	36825
21237	6282
21239	27268
22001	56489
22003	22112
22005	131632
22007	20160
22009	38408
22011	36827
22013	12366
22015	129795
22017	226386
22019	203761
22021	9389
22023	4768
22025	8414
22027	13670
22029	17688
22031	27114
22033	448467
22035	6829
22037	19229
22039	31754
22041	19285
22043	21911
22045	67659
22047	29617
22049	14746
22051	421777
22053	31553
22055	249750
22057	95056
22059	14800
22061	47962
22063	150145
22065	9246
22067	23955
22069	36291
22071	364136
22073	157568
22075	22386
22077	20000
22079	126260
22081	7356
22083	19712
22085	21906
22087	44463
22089	50620
22091	10774
22093	19191
22095	39592
22097	81464
22099	51057
22101	47055
22103	275583
22105	138064
22107	3764
22109	103616
22111	20650
22113	56992
22115	46250
22117	44865
22119	35238
22121	28266
22123	9323
22125	15371
22127	13216
23001	113765
23003	67351
23005	310230
23007	30828
23009	56526
23011	127259
23013	40977
23015	36507
23017	59905
23019	155312
23021	17486
23023	37513
23025	51302
23027	40620
23029	31555
23031	218586
24001	67273
24003	594582
24005	844703
24009	94728
24011	33593
24013	176639
24015	105672
24017	171973
24019	32879
24021	293391
24023	28423
24025	264644
24027	336001
24029	19303
24031	1058474
24033	947430
24035	52508
24037	115281
24039	24910
24041	37823
24043	155813
24045	104800
24047	54171
24510	565239
25001	231735
25003	126818
25005	581841
25007	20819
25009	810089
25011	70836
25013	460291
25015	162502
25017	1623952
25019	14444
25021	727473
25023	535308
25025	768425
25027	866866
26001	10489
26003	8757
26005	121939
26007	28904
26009	24409
26011	15145
26013	8310
26015	63808
26017	102500
26019	18441
26021	152261
26023	45215
26025	133366
26027	51642
26029	26159
26031	26048
26033	36264
26035	31316
26037	79720
26039	13538
26041	36790
26043	25982
26045	108820
26047	34123
26049	401522
26051	25853
26053	14224
26055	96421
26057	41368
26059	45587
26061	37599
26063	30927
26065	284637
26067	66262
26069	25373
26071	11740
26073	64118
26075	159424
26077	262215
26079	18490
26081	661354
26083	2172
26085	12734
26087	88977
26089	23019
26091	97520
26093	196757
26095	6435
26097	10851
26099	875101
26101	25562
26103	66999
26105	29159
26107	41099
26109	22945
26111	84039
26113	15311
26115	155045
26117	68154
26119	9678
26121	176564
26123	51108
26125	1270426
26127	26981
26129	20990
26131	5906
26133	23330
26135	8545
26137	25747
26139	303372
26141	13285
26143	23863
26145	187782
26147	159874
26149	60878
26151	40368
26153	8149
26155	68025
26157	52826
26159	75798
26161	365536
26163	1751169
26165	34122
27001	16102
27003	372441
27005	35283
27007	46718
27009	41600
27011	5105
27013	70006
27015	25628
27017	36825
27019	111057
27021	31446
27023	12172
27025	58535
27027	66258
27029	8644
27031	5639
27033	11319
27035	68304
27037	447440
27039	21088
27041	39953
27043	13873
27045	21522
27047	30515
27049	48035
27051	6139
27053	1258713
27055	18582
27057	22132
27059	43182
27061	45365
27063	9919
27065	16602
27067	43813
27069	4060
27071	11751
27073	6630
27075	10855
27077	3778
27079	29255
27081	5521
27083	25427
27085	36785
27087	5280
27089	8810
27091	19657
27093	23490
27095	27427
27097	34250
27099	40058
27101	8049
27103	34242
27105	21727
27107	6329
27109	164784
27111	60626
27113	13714
27115	30197
27117	9245
27119	30412
27121	11400
27123	536075
27125	3911
27127	15288
27129	14348
27131	67948
27133	9551
27135	15252
27137	200514
27139	155814
27141	102206
27143	15084
27145	160977
27147	37421
27149	9728
27151	9719
27153	25667
27155	3136
27157	21683
27159	14241
27161	18981
27163	278936
27165	11077
27167	6306
27169	49721
27171	151150
27173	9467
28001	28746
28003	34135
28005	12442
28007	17359
28009	7438
28011	28968
28013	12685
28015	9535
28017	16866
28019	8088
28021	8617
28023	15228
28025	18206
28027	20077
28029	27664
28031	18059
28033	193247
28035	78208
28037	7610
28039	25619
28041	13601
28043	21065
28045	46159
28047	210612
28049	214870
28051	15777
28053	7216
28055	1256
28057	24093
28059	146389
28061	16013
28063	6941
28065	10969
28067	66250
28069	8584
28071	58467
28073	66217
28075	70527
28077	11741
28079	21258
28081	82799
28083	26378
28085	34702
28087	57283
28089	112511
28091	24224
28093	34123
28095	33609
28097	9600
28099	28789
28101	21019
28103	9914
28105	51203
28107	32669
28109	57978
28111	11315
28113	39394
28115	31535
28117	25135
28119	5546
28121	160417
28123	27507
28125	3336
28127	25715
28129	14099
28131	18756
28133	24468
28135	11837
28137	28261
28139	21287
28141	18507
28143	9234
28145	28284
28147	13863
28149	42298
28151	41946
28153	19703
28155	9988
28157	8058
28159	17416
28161	12386
28163	25796
29001	25122
29003	18127
29005	5107
29007	24394
29009	35265
29011	11731
29013	16242
29015	20552
29017	10544
29019	189463
29021	82956
29023	41948
29025	8955
29027	44731
29029	44044
29031	82984
29033	8391
29035	5303
29037	111732
29039	14672
29041	7399
29043	94422
29045	6641
29047	259772
29049	21548
29051	77278
29053	16947
29055	22719
29057	7716
29059	17768
29061	8551
29063	9899
29065	14647
29067	12228
29069	27032
29071	106404
29073	14705
29075	6287
29077	304611
29079	9815
29081	8220
29083	22485
29085	8718
29087	4248
29089	10101
29091	40735
29093	9440
29095	718560
29097	125056
29099	231230
29101	54962
29103	3723
29105	36680
29107	33196
29109	38872
29111	9818
29113	64699
29115	11791
29117	14557
29119	23903
29121	15161
29123	12698
29125	8430
29127	28336
29129	3469
29131	25590
29133	11822
29135	15256
29137	8698
29139	11459
29141	21970
29143	15424
29145	60677
29147	20695
29149	8720
29151	13468
29153	8970
29155	14613
29157	18950
29159	43530
29161	45284
29163	17935
29165	111940
29167	32780
29169	53812
29171	4638
29173	10489
29175	24109
29177	23182
29179	5950
29181	10806
29183	416659
29185	9752
29186	18642
29187	67058
29189	987059
29195	23049
29197	4053
29199	4676
29201	37889
29203	7238
29205	5931
29207	28397
29209	32658
29211	5797
29213	56775
29215	25619
29217	19710
29219	37806
29221	23534
29223	10811
29225	41472
29227	1907
29229	19403
29510	281754
30001	9885
30003	12751
30005	6899
30007	8032
30009	11419
30011	1418
30013	84900
30015	5847
30017	11985
30019	1633
30021	8810
30023	9673
30025	2994
30027	11772
30029	113679
30031	126409
30033	1211
30035	13609
30037	835
30039	3595
30041	16276
30043	13048
30045	2093
30047	33338
30049	75011
30051	1974
30053	21895
30055	1676
30057	9521
30059	2071
30061	5090
30063	121849
30065	5308
30067	17903
30069	554
30071	4249
30073	6125
30075	1743
30077	7133
30079	1112
30081	47738
30083	11173
30085	10319
30087	8160
30089	13684
30091	3498
30093	36360
30095	9173
30097	3763
30099	6430
30101	5133
30103	772
30105	7474
30107	2057
30109	910
30111	170843
31001	30899
31003	6302
31005	412
31007	674
31009	436
31011	5310
31013	10692
31015	1725
31017	2853
31019	50697
31021	6727
31023	8459
31025	27446
31027	8262
31029	3724
31031	5492
31033	9541
31035	6116
31037	10566
31039	8918
31041	10581
31043	21268
31045	8133
31047	24085
31049	1871
31051	5491
31053	37187
31055	589540
31057	1561
31059	5548
31061	2825
31063	2585
31065	4556
31067	21634
31069	1794
31071	1763
31073	1847
31075	565
31077	2219
31079	62197
31081	9537
31083	3045
31085	846
31087	2552
31089	10093
31091	679
31093	6527
31095	7054
31097	5198
31099	6770
31101	8113
31103	805
31105	3289
31107	8298
31109	326716
31111	33365
31113	655
31115	592
31117	383
31119	35627
31121	7755
31123	4504
31125	3274
31127	7076
31129	4095
31131	16335
31133	2512
31135	2795
31137	9057
31139	7299
31141	34609
31143	5228
31145	10457
31147	7689
31149	1271
31151	14555
31153	199886
31155	23463
31157	35699
31159	17671
31161	4928
31163	2983
31165	1154
31167	5856
31169	4829
31171	677
31173	6557
31175	4012
31177	21152
31179	9874
31181	3351
31183	775
31185	14356
32001	25803
32003	2336573
32005	49545
32007	54293
32009	736
32011	1917
32013	17136
32015	5769
32017	4452
32019	62583
32021	4528
32023	55720
32027	6364
32029	4177
32031	498022
32033	8522
32510	58036
33001	65027
33003	52448
33005	77703
33007	31372
33009	93146
33011	427354
33013	157103
33015	320689
33017	133243
33019	43969
34001	275213
34003	957736
34005	469167
34007	527196
34009	94610
34011	152326
34013	851117
34015	308423
34017	705472
34019	130183
34021	381671
34023	863623
34025	642799
34027	514423
34029	659197
34031	513395
34033	65338
34035	348842
34037	146132
34039	572726
34041	111252
35001	671586
35003	3825
35005	63561
35006	26780
35007	12255
35009	47222
35011	1657
35013	225210
35015	60275
35017	27472
35019	4292
35021	624
35023	3965
35025	72101
35027	20029
35028	19444
35029	25316
35031	68797
35033	4123
35035	68835
35037	8510
35039	39876
35041	18787
35043	155936
35045	120675
35047	26668
35049	155956
35051	11488
35053	15963
35055	34405
35057	15633
35059	3964
35061	79141
36001	316659
36003	46651
36005	1356476
36007	196077
36009	75600
36011	74485
36013	124891
36015	81325
36017	45920
36019	78115
36021	60470
36023	45752
36025	44410
36027	297150
36029	946147
36031	36775
36033	46502
36035	52234
36037	57529
36039	47062
36041	5082
36043	59484
36045	114787
36047	2561225
36049	26548
36051	61158
36053	66921
36055	748482
36057	49368
36059	1381715
36061	1597451
36063	209457
36065	227555
36067	467873
36069	112494
36071	407470
36073	39124
36075	118162
36077	60126
36079	98060
36081	2252196
36083	159305
36085	490687
36087	340807
36089	106940
36091	238711
36093	159902
36095	30105
36097	17507
36099	32349
36101	92162
36103	1523170
36105	79920
36107	47715
36109	103558
36111	182333
36113	65380
36115	60047
36117	90829
36119	990817
36121	39532
36123	24472
37001	179165
37003	36473
37005	11342
37007	21897
37009	27063
37011	17561
37013	44481
37015	16922
37017	29484
37019	159964
37021	275901
37023	88338
37025	240016
37027	80574
37029	11137
37031	69615
37033	22807
37035	164645
37037	81624
37039	29959
37041	13891
37043	11864
37045	101378
37047	50121
37049	102391
37051	337890
37053	31593
37055	38110
37057	174804
37059	44599
37061	49520
37063	336892
37065	48832
37067	392921
37069	77001
37071	237242
37073	10343
37075	8052
37077	62192
37079	20530
37081	549866
37083	47298
37085	141477
37087	62969
37089	119230
37091	19453
37093	54446
37095	4607
37097	199710
37099	44574
37101	241955
37103	9401
37105	67059
37107	54895
37109	95675
37111	44893
37113	38412
37115	22071
37117	21447
37119	1163701
37121	14999
37123	26085
37125	106898
37127	96551
37129	238852
37131	16715
37133	213676
37135	150626
37137	12423
37139	41444
37141	68521
37143	13377
37145	39737
37147	175119
37149	20060
37151	147458
37153	42324
37155	117365
37157	92518
37159	151661
37161	65507
37163	59601
37165	34376
37167	65699
37169	45532
37171	71462
37173	13916
37175	33549
37177	3461
37179	256452
37181	42301
37183	1190275
37185	18836
37187	10713
37189	54748
37191	118686
37193	66013
37195	78970
37197	37774
37199	18938
38001	2163
38003	10726
38005	5745
38007	1034
38009	6349
38011	2867
38013	2134
38015	100012
38017	196362
38019	3596
38021	4900
38023	2135
38025	4019
38027	2263
38029	3224
38031	3309
38033	1743
38035	72708
38037	2215
38039	2248
38041	2415
38043	2342
38045	4096
38047	1869
38049	5131
38051	2488
38053	14252
38055	9832
38057	8309
38059	33895
38061	9383
38063	2991
38065	1879
38067	6661
38069	3902
38071	11463
38073	5603
38075	2279
38077	16558
38079	11728
38081	3776
38083	1266
38085	3643
38087	674
38089	33001
38091	1782
38093	21392
38095	2030
38097	7908
38099	10305
38101	68332
38103	3876
38105	39113
39001	27521
39003	100838
39005	52190
39007	96845
39009	62706
39011	46050
39013	64918
39015	43777
39017	393043
39019	26758
39021	38845
39023	134610
39025	211972
39027	41938
39029	100182
39031	36869
39033	41529
39035	1233088
39037	51415
39039	38315
39041	231636
39043	74035
39045	165360
39047	28817
39049	1326063
39051	42007
39053	28986
39055	95407
39057	169691
39059	38089
39061	827058
39063	74704
39065	30368
39067	14159
39069	27520
39071	43614
39073	27540
39075	44386
39077	58199
39079	32606
39081	64026
39083	63320
39085	231640
39087	56118
39089	183201
39091	46057
39093	317910
39095	425484
39097	44602
39099	225596
39101	64851
39103	184042
39105	21767
39107	42439
39109	110876
39111	13153
39113	533796
39115	13646
39117	35595
39119	86305
39121	14311
39123	39803
39125	18706
39127	35551
39129	61086
39131	27001
39133	162665
39135	40556
39137	34199
39139	125064
39141	76501
39143	58709
39145	71969
39147	54527
39149	47765
39151	372716
39153	535733
39155	200373
39157	91874
39159	69637
39161	28704
39163	12474
39165	252148
39167	58577
39169	116510
39171	36591
39173	132650
39175	21457
40001	19627
40003	5673
40005	14525
40007	5018
40009	22042
40011	8539
40013	48967
40015	26214
40017	175829
40019	48596
40021	48185
40023	14276
40025	2191
40027	301193
40029	5266
40031	121574
40033	5427
40035	14494
40037	73332
40039	28266
40041	41703
40043	4286
40045	3648
40047	62023
40049	25865
40051	57375
40053	4083
40055	5466
40057	2392
40059	3190
40061	11832
40063	13436
40065	24669
40067	5347
40069	10216
40071	43641
40073	15481
40075	8398
40077	9526
40079	49596
40081	34562
40083	53029
40085	10296
40087	47072
40089	30660
40091	19603
40093	7581
40095	15970
40097	39889
40099	13754
40101	66677
40103	10832
40105	9438
40107	11300
40109	808866
40111	37035
40113	46130
40115	30287
40117	15864
40119	83352
40121	43479
40123	38396
40125	73791
40127	10800
40129	3295
40131	100248
40133	23565
40135	40291
40137	44014
40139	20371
40141	6869
40143	682868
40145	89280
40147	53706
40149	10736
40151	8564
40153	19947
41001	16912
41003	97713
41005	423173
41007	41102
41009	53880
41011	64212
41013	26952
41015	23296
41017	208513
41019	112435
41021	2026
41023	7215
41025	7440
41027	23745
41029	220768
41031	25454
41033	87821
41035	70003
41037	8293
41039	381181
41041	50821
41043	131496
41045	32044
41047	346741
41049	12302
41051	789698
41053	89805
41055	1951
41057	27417
41059	80053
41061	25944
41063	7674
41065	26333
41067	598865
41069	1436
41071	108644
42001	106748
42003	1224825
42005	64074
42007	165631
42009	47350
42011	432821
42013	120273
42015	59695
42017	645984
42019	198413
42021	130668
42023	4380
42025	65458
42027	157795
42029	549784
42031	36970
42033	77090
42035	37607
42037	65439
42039	82001
42041	270738
42043	289234
42045	576720
42047	30198
42049	267571
42051	123915
42053	6449
42055	157854
42057	14468
42059	34357
42061	43514
42063	83094
42065	43612
42067	23243
42069	216123
42071	558589
42073	84472
42075	144252
42077	377754
42079	327388
42081	112724
42083	39519
42085	108503
42087	45922
42089	166053
42091	868742
42093	17860
42095	319091
42097	90120
42099	46083
42101	1550542
42103	61247
42105	15999
42107	143786
42109	39717
42111	72197
42113	5834
42115	38109
42117	40840
42119	42042
42121	49431
42123	37572
42125	210232
42127	51262
42129	351163
42131	25902
42133	464640
44001	50255
44003	171278
44005	83832
44007	660615
44009	129982
45001	24434
45003	177130
45005	7369
45007	213076
45009	12974
45011	20447
45013	198979
45015	255217
45017	14186
45019	424367
45021	56714
45023	32226
45025	44031
45027	31004
45029	38874
45031	62416
45033	27698
45035	169833
45037	27607
45039	20422
45041	137214
45043	65731
45045	558036
45047	69460
45049	18122
45051	397478
45053	33544
45055	69905
45057	108215
45059	68873
45061	15967
45063	309528
45065	9941
45067	28508
45069	25704
45071	38825
45073	81221
45075	82820
45077	135495
45079	425138
45081	19123
45083	356698
45085	104165
45087	26629
45089	29891
45091	298320
46003	2782
46005	19591
46007	3305
46009	7065
46011	35980
46013	37733
46015	5311
46017	1884
46019	10863
46021	1340
46023	9240
46025	3948
46027	15431
46029	28971
46031	3782
46033	9117
46035	19922
46037	5451
46039	4354
46041	5208
46043	2838
46045	4057
46047	7393
46049	2151
46051	7553
46053	4018
46055	1851
46057	6451
46059	3107
46061	3471
46063	1324
46065	17624
46067	7394
46069	1186
46071	2776
46073	1660
46075	855
46077	5276
46079	11031
46081	28053
46083	73238
46085	3705
46087	5809
46089	2334
46091	4390
46093	30954
46095	1851
46097	2280
46099	206930
46101	6450
46102	13434
46103	115903
46105	2834
46107	2413
46109	10206
46111	2399
46115	6166
46117	3043
46119	1494
46121	9199
46123	5621
46125	9027
46127	17183
46129	5269
46135	23517
46137	2322
47001	80234
47003	53055
47005	16103
47007	15060
47009	141456
47011	111579
47013	40223
47015	15063
47017	28860
47019	57022
47021	42254
47023	17606
47025	32654
47027	7714
47029	37404
47031	60633
47033	13982
47035	64760
47037	712334
47039	11656
47041	21225
47043	56729
47045	36498
47047	44175
47049	19696
47051	44654
47053	51045
47055	30721
47057	24681
47059	72577
47061	13955
47063	66216
47065	379864
47067	6956
47069	25567
47071	27229
47073	58600
47075	17328
47077	28070
47079	32554
47081	25826
47083	8393
47085	19209
47087	12363
47089	57838
47091	18375
47093	500669
47095	6347
47097	24610
47099	46114
47101	13066
47103	36169
47105	60591
47107	55678
47109	26163
47111	26793
47113	99193
47115	29382
47117	36961
47119	110760
47121	13691
47123	48594
47125	239872
47127	6748
47129	21573
47131	30411
47133	23327
47135	8891
47137	5128
47139	18033
47141	83844
47143	33924
47145	56096
47147	76776
47149	367101
47151	22171
47153	17161
47155	99415
47157	910042
47159	20538
47161	14222
47163	162135
47165	207994
47167	62015
47169	12271
47171	17756
47173	20741
47175	6493
47177	42638
47179	138420
47181	16066
47183	33084
47185	28692
47187	264460
47189	163674
48001	57736
48003	18664
48005	87319
48007	25374
48009	9029
48011	1832
48013	51784
48015	31677
48017	6672
48019	22637
48021	110778
48023	3463
48025	30850
48027	393193
48029	2087679
48031	13048
48033	572
48035	18996
48037	91687
48039	398938
48041	244703
48043	9513
48045	1445
48047	6848
48049	38709
48051	19475
48053	53991
48055	49859
48057	19696
48059	14374
48061	426710
48063	13000
48065	5878
48067	28659
48069	7227
48071	53876
48073	52217
48075	6788
48077	10738
48079	2509
48081	3352
48083	7842
48085	1195359
48087	2563
48089	21117
48091	193928
48093	14050
48095	3297
48097	43782
48099	84878
48101	1294
48103	4574
48105	2858
48107	4917
48109	2196
48111	7237
48113	2606358
48115	12004
48117	18347
48119	5520
48121	1007703
48123	19929
48125	1711
48127	8257
48129	3214
48131	9604
48133	18037
48135	164494
48137	1393
48139	222829
48141	869880
48143	44195
48145	17286
48147	37571
48149	25474
48151	3612
48153	5090
48155	1079
48157	916778
48159	10735
48161	20441
48163	17987
48165	22523
48167	361744
48169	4517
48171	27733
48173	1141
48175	7144
48177	19930
48179	20916
48181	146907
48183	126243
48185	32384
48187	188454
48189	31761
48191	2818
48193	8619
48195	5071
48197	3490
48199	58261
48201	4835125
48203	70895
48205	5145
48207	5385
48209	280486
48211	3189
48213	86158
48215	898471
48217	38101
48219	21460
48221	67774
48223	38172
48225	22066
48227	30554
48229	3451
48231	113347
48233	20033
48235	1549
48237	8875
48239	15221
48241	32694
48243	1856
48245	251496
48247	4720
48249	38662
48251	202906
48253	20381
48255	15018
48257	185690
48259	50537
48261	343
48263	734
48265	53915
48267	4442
48269	217
48271	3148
48273	30069
48275	3302
48277	51127
48279	12711
48281	23262
48283	6537
48285	20571
48287	18240
48289	16538
48291	108272
48293	22250
48295	2906
48297	11584
48299	22875
48301	43
48303	320940
48305	5761
48307	7452
48309	268583
48311	568
48313	13742
48315	9571
48317	5216
48319	3931
48321	36359
48323	57762
48325	54797
48327	1958
48329	177108
48331	25951
48333	4548
48335	9075
48337	21598
48339	711354
48341	21190
48343	12066
48345	1020
48347	65375
48349	55635
48351	12039
48353	14306
48355	352289
48357	9704
48359	1783
48361	85722
48363	29747
48365	22838
48367	173494
48369	9617
48371	14623
48373	54186
48375	114647
48377	5795
48379	12986
48381	148255
48383	3141
48385	2854
48387	11678
48389	11770
48391	6666
48393	840
48395	17267
48397	131307
48399	9868
48401	53079
48403	10106
48405	7833
48407	28936
48409	70660
48411	5845
48413	2391
48415	16212
48417	3229
48419	24179
48421	2678
48423	245209
48425	9888
48427	65934
48429	9343
48431	1397
48433	1218
48435	3221
48437	6955
48439	2182947
48441	146836
48443	687
48445	11547
48447	1526
48449	31357
48451	119057
48453	1334961
48455	14228
48457	20382
48459	43281
48461	3109
48463	24960
48465	47720
48467	64000
48469	91664
48471	81268
48473	63553
48475	10966
48477	37007
48479	269148
48481	41739
48483	4804
48485	130180
48487	12522
48489	20037
48491	697191
48493	54183
48495	7414
48497	78097
48499	47921
48501	7468
48503	18124
48505	13736
48507	9312
49001	7233
49003	62684
49005	142393
49007	20609
49009	992
49011	373207
49013	20477
49015	10144
49017	5314
49019	9706
49021	64211
49023	13023
49025	8425
49027	13437
49029	13000
49031	1550
49033	2670
49035	1185813
49037	14358
49039	30277
49041	22344
49043	42759
49045	82051
49047	37747
49049	719174
49051	37144
49053	202452
49055	2614
49057	271926
50001	37720
50003	37183
50005	30610
50007	169481
50009	6010
50011	50994
50013	7467
50015	26060
50017	29943
50019	27516
50021	60271
50023	60142
50025	45966
50027	58101
51001	33239
51003	115676
51005	14595
51007	13480
51009	31396
51011	16864
51013	234162
51015	78247
51017	4051
51019	81525
51021	6179
51023	34125
51025	15749
51027	19087
51029	16978
51031	55270
51033	32640
51035	29239
51036	6610
51037	11336
51041	383876
51043	15466
51045	4843
51047	54973
51049	9878
51051	13640
51053	28343
51057	10598
51059	1141878
51061	75165
51063	15679
51065	28462
51067	55549
51069	95994
51071	16457
51073	40057
51075	27197
51077	15285
51079	21301
51081	11133
51083	33432
51085	114148
51087	334760
51089	49702
51091	2339
51093	40711
51095	82654
51097	6720
51099	28568
51101	19030
51103	10859
51105	21745
51107	436347
51109	41037
51111	12038
51113	14128
51115	8514
51117	30648
51119	10924
51121	98666
51125	14705
51127	26134
51131	12021
51133	12391
51135	15566
51137	38574
51139	23741
51141	17509
51143	59571
51145	32105
51147	22049
51149	42871
51153	489640
51155	33655
51157	7414
51159	9184
51161	97026
51163	22358
51165	86568
51167	25477
51169	21433
51171	45228
51173	29216
51175	17975
51177	149588
51179	165428
51181	6593
51183	10757
51185	39120
51187	41843
51191	54050
51193	19013
51195	35174
51197	28104
51199	70952
51510	155230
51520	16807
51530	6566
51540	44983
51550	253886
51570	18393
51580	5545
51590	41837
51595	5463
51600	25144
51610	14685
51620	8339
51630	28928
51640	6717
51650	137098
51660	51082
51670	22752
51678	7528
51680	79535
51683	42696
51685	16361
51690	13763
51700	183118
51710	230930
51720	3492
51730	33309
51735	12635
51740	96793
51750	16971
51760	229247
51770	97171
51775	25600
51790	25915
51800	100659
51810	453649
51820	23182
51830	15847
51840	27617
53001	20820
53003	22549
53005	215219
53007	79997
53009	77616
53011	521150
53013	4053
53015	112864
53017	44798
53019	7497
53021	99034
53023	2363
53025	102678
53027	77290
53029	86267
53031	33714
53033	2271380
53035	277658
53037	45508
53039	23589
53041	86154
53043	11738
53045	68389
53047	43712
53049	24200
53051	14361
53053	928696
53055	18566
53057	131417
53059	12640
53061	844761
53063	551455
53065	48837
53067	299003
53069	4765
53071	61568
53073	231919
53075	48012
53077	256643
54001	15378
54003	132440
54005	20576
54007	12162
54009	21373
54011	92082
54013	5959
54015	7783
54017	7680
54019	39072
54021	7254
54023	10921
54025	32149
54027	23649
54029	28145
54031	14251
54033	64639
54035	27593
54037	59787
54039	174805
54041	16500
54043	19701
54045	30827
54047	17439
54049	55807
54051	29405
54053	24765
54055	58057
54057	26867
54059	22023
54061	107718
54063	12382
54065	17649
54067	24169
54069	41194
54071	6029
54073	7428
54075	7765
54077	34099
54079	56962
54081	72356
54083	27350
54085	8167
54087	13743
54089	11581
54091	16388
54093	6604
54095	7919
54097	23529
54099	37686
54101	8045
54103	13890
54105	5000
54107	83052
54109	20277
55001	21449
55003	16079
55005	46833
55007	16769
55009	271417
55011	13419
55013	17092
55015	53199
55017	66970
55019	34774
55021	58091
55023	15944
55025	575347
55027	88231
55029	30562
55031	44264
55033	45794
55035	107903
55037	4682
55039	103948
55041	9325
55043	51409
55045	36951
55047	19344
55049	23956
55051	6228
55053	20855
55055	85743
55057	26594
55059	167488
55061	20690
55063	120486
55065	16945
55067	19404
55069	28405
55071	81331
55073	138612
55075	42106
55077	15838
55078	4226
55079	916205
55081	46151
55083	39775
55085	38226
55087	193234
55089	93460
55091	7441
55093	43026
55095	45762
55097	71024
55099	14102
55101	196613
55103	17197
55105	164278
55107	14143
55109	96763
55111	65920
55113	18552
55115	41109
55117	117752
55119	20058
55121	30899
55123	31170
55125	23885
55127	105822
55129	16930
55131	138168
55133	412591
55135	51388
55137	24934
55139	171735
55141	73939
56001	38257
56003	12018
56005	47498
56007	14334
56009	13809
56011	7592
56013	39815
56015	12642
56017	4661
56019	8759
56021	100984
56023	20880
56025	79941
56027	2354
56029	30735
56031	8546
56033	32519
56035	8969
56037	41249
56039	23232
56041	20745
56043	7710
56045	6808
60010	106525
60020	106525
60050	106525
66010	106525
69085	106525
69100	106525
69110	106525
69120	106525
72001	106525
72003	106525
72005	106525
72007	106525
72009	106525
72011	106525
72013	106525
72015	106525
72017	106525
72019	106525
72021	106525
72023	106525
72025	106525
72027	106525
72029	106525
72031	106525
72033	106525
72035	106525
72037	106525
72039	106525
72041	106525
72043	106525
72045	106525
72047	106525
72049	106525
72051	106525
72053	106525
72054	106525
72055	106525
72057	106525
72059	106525
72061	106525
72063	106525
72065	106525
72067	106525
72069	106525
72071	106525
72073	106525
72075	106525
72077	106525
72079	106525
72081	106525
72083	106525
72085	106525
72087	106525
72089	106525
72091	106525
72093	106525
72095	106525
72097	106525
72099	106525
72101	106525
72103	106525
72105	106525
72107	106525
72109	106525
72111	106525
72113	106525
72115	106525
72117	106525
72119	106525
72121	106525
72123	106525
72125	106525
72127	106525
72129	106525
72131	106525
72133	106525
72135	106525
72137	106525
72139	106525
72141	106525
72143	106525
72145	106525
72147	106525
72149	106525
72151	106525
72153	106525
78010	106525
78020	106525
78030	106525
