fips	median_sale_price
01001	274500
01003	385000
01005	127000
01007	183000
01009	235000
01011	331979
01013	83000
01015	185000
01017	178900
01019	275000
01021	210000
01023	640000
01025	65000
01027	247500
01029	199550
01031	267000
01033	207450
01035	122500
01037	245000
01039	207250
01041	165000
01043	160000
01045	185000
01047	238750
01049	229400
01051	289000
01053	153000
01055	228950
01057	192000
01059	172500
01061	259000
01063	165000
01065	253000
01067	265000
01069	207450
01071	260950
01073	270000
01075	91250
01077	285450
01079	220000
01081	335000
01083	400000
01085	320000
01087	75000
01089	329000
01091	166750
01093	185000
01095	264950
01097	227950
01099	249000
01101	325000
01103	240000
01105	60000
01107	325000
01109	291900
01111	143000
01115	315000
01117	360000
01119	180000
01121	177100
01123	375000
01125	265000
01127	195000
01129	199900
01131	330000
01133	367500
02013	90000
02016	442200
02050	395000
02060	340000
02068	236500
02070	470000
02090	579500
02100	440000
02105	195000
02122	390000
02130	308500
02150	372000
02158	199000
02164	275000
02170	395000
02180	320000
02185	575000
02188	212500
02195	399000
02198	290000
02240	397900
02290	47000
04001	432500
04003	270000
04005	679000
04007	235000
04009	415000
04011	267464
04012	264000
04013	580000
04015	210000
04017	447500
04019	170000
04021	366450
04023	288000
04025	490000
04027	290000
05001	130000
05003	250000
05005	230000
05007	371063
05009	199000
05011	150000
05013	380000
05015	331000
05017	230000
05019	72500
05021	112500
05023	300000
05025	150000
05027	92750
05029	153000
05031	215000
05033	229000
05035	188950
05037	276250
05039	120000
05041	155000
05043	253000
05045	255000
05047	235980
05049	144000
05051	1062500
05053	277450
05055	135500
05057	103500
05059	120000
05061	185000
05063	131250
05065	178000
05067	97500
05069	148000
05071	173000
05073	315000
05075	168000
05077	125000
05079	155000
05081	96000
05083	850000
05085	237000
05087	329125
05089	189900
05091	205000
05093	43000
05095	53000
05097	291000
05099	67250
05101	133000
05103	177000
05105	206500
05107	15000
05109	73170
05111	222500
05113	169950
05115	197000
05117	88000
05119	235000
05121	188000
05123	160500
05125	303450
05127	165000
05129	95000
05131	283526
05133	160000
05135	95000
05137	275000
05139	210000
05141	190000
05143	355450
05145	219000
05147	105000
05149	206500
06001	1100000
06003	332500
06005	769000
06007	250500
06009	475000
06011	305000
06013	820000
06015	460000
06017	447000
06019	427250
06021	340000
06023	500000
06025	244000
06027	457000
06029	225000
06031	376990
06033	315000
06035	215000
06037	1048000
06039	407250
06041	1700000
06043	350000
06045	520000
06047	424990
06049	274000
06051	1479000
06053	1102000
06055	1005000
06057	599500
06059	1400000
06061	645000
06063	345000
06065	705000
06067	689500
06069	820000
06071	509000
06073	899250
06075	1005000
06077	530000
06079	950000
06081	1950000
06083	873000
06085	1735250
06087	1050000
06089	398000
06091	325000
06093	352500
06095	262500
06097	900000
06099	302000
06101	380000
06103	363750
06105	457000
06107	375000
06109	230000
06111	621250
06113	600000
06115	449900
08001	284500
08003	307000
08005	429950
08007	715000
08009	55000
08011	62500
08013	1995000
08014	542500
08015	618000
08017	121000
08019	830000
08021	349000
08023	225000
08025	27000
08027	444500
08029	407500
08031	645000
08033	322500
08035	510000
08037	995000
08039	760000
08043	327450
08045	800000
08047	460000
08049	1031600
08051	825000
08053	700000
08055	240000
08057	297500
08059	449900
08061	140000
08063	187500
08065	365000
08067	782188
08069	581500
08071	189750
08073	213000
08075	310000
08077	382500
08079	318500
08081	295000
08083	415000
08085	399500
08087	375000
08089	180000
08091	762500
08093	475000
08095	279750
08097	1750000
08099	175985
08101	412000
08103	290000
08105	300000
08107	775000
08109	270000
08111	625000
08113	1380000
08115	47000
08117	709961
08121	190000
08123	356000
08125	235000
09001	615000
09003	360000
09005	450000
09007	470000
09009	405000
09011	379000
09013	405000
09015	269950
10001	335000
10003	440000
12001	217450
12003	401000
12005	365000
12007	349729
12009	585000
12011	622500
12013	490000
12015	324950
12017	279000
12019	366500
12021	372500
12023	307500
12027	277500
12029	191500
12031	240000
12033	299500
12035	250000
12037	390000
12039	327500
12041	260400
12043	255500
12045	370000
12047	110000
12049	212700
12051	275000
12053	490000
12055	249945
12057	311625
12059	99000
12061	459500
12063	202500
12065	330000
12067	235000
12069	371000
12071	435000
12073	215000
12075	274000
12077	326150
12079	144950
12081	380000
12083	133000
12085	376278
12086	435000
12087	1137500
12089	804500
12091	300000
12093	138000
12095	190000
12097	326500
12099	760000
12101	339000
12103	410000
12105	320000
12107	130000
12109	322500
12111	272500
12113	356000
12115	258000
12117	181000
12119	325000
12121	275000
12123	244500
12125	352450
12127	334245
12129	262500
12131	600000
12133	227990
13001	225000
13003	230000
13005	177270
13007	195000
13009	178000
13011	474350
13013	361000
13015	359500
13017	143750
13019	245000
13021	47500
13023	203000
13025	185000
13027	509950
13029	430228
13031	275000
13033	272000
13035	272444
13037	35000
13039	260000
13043	232500
13045	289495
13049	284500
13051	279015
13055	177689
13057	387500
13061	310000
13063	229500
13065	319000
13067	235000
13069	220450
13071	257500
13073	345000
13075	240000
13077	365000
13079	173000
13081	180000
13085	430000
13087	250000
13089	244000
13091	125000
13093	155000
13095	111500
13097	272495
13099	167500
13101	225000
13103	250870
13105	255000
13107	159900
13109	330000
13111	585000
13113	510000
13115	208615
13117	502000
13119	209900
13121	455775
13123	425000
13125	169950
13127	374990
13129	317900
13131	215000
13133	274000
13135	415000
13137	350000
13139	336000
13141	160500
13143	307450
13147	318950
13149	291000
13151	300530
13153	112000
13155	120000
13157	435000
13159	272500
13161	167500
13163	157000
13165	955750
13167	80000
13169	260000
13171	302000
13173	284000
13175	249500
13177	174000
13179	265000
13181	645000
13183	264000
13185	252750
13187	363500
13189	345000
13191	310000
13193	53483
13199	347500
13201	182500
13205	275000
13207	454800
13209	249000
13211	646350
13213	244888
13217	212000
13223	275000
13225	250000
13227	397000
13229	230000
13231	477000
13233	240000
13235	191500
13237	50000
13239	190000
13241	550000
13243	400000
13245	180000
13247	290000
13249	340000
13251	246500
13253	170000
13255	243100
13257	247375
13261	171750
13265	45000
13267	200000
13269	105000
13271	124000
13273	95000
13275	286000
13277	259500
13279	245000
13281	600000
13283	153000
13285	205000
13287	113500
13289	185000
13291	410000
13293	240000
13297	375000
13299	195000
13301	145500
13303	299000
13305	211000
13307	219900
13309	219950
13311	472000
13313	310000
13315	107500
13317	380000
13319	255000
13321	232450
15001	840000
15003	570000
15007	975000
15009	961250
16001	515645
16003	629500
16005	324500
16007	524750
16009	366250
16011	412000
16013	2015000
16015	492450
16017	602000
16019	407500
16021	375000
16023	267000
16025	135000
16027	665000
16029	350000
16031	349000
16033	285000
16035	195000
16037	517500
16039	302000
16041	436500
16043	537500
16045	433990
16047	287500
16049	215000
16051	464500
16053	319000
16055	405975
16057	395000
16059	559500
16061	168000
16063	285000
16065	449000
16067	314400
16069	370000
16071	269000
16073	550000
16075	398000
16077	285000
16079	340000
16081	555000
16083	390000
16085	725000
16087	449000
17001	150650
17003	167900
17005	118450
17007	265000
17009	180000
17011	170000
17013	123500
17015	88250
17017	265000
17019	223250
17021	120000
17023	152500
17025	132500
17027	230000
17029	167000
17031	300000
17033	171750
17035	150000
17037	259000
17039	220000
17041	130500
17043	250500
17045	25000
17047	72500
17049	190500
17051	126500
17053	140000
17055	45000
17057	135000
17059	87000
17061	202000
17063	358000
17065	74500
17067	99000
17069	30000
17071	117500
17073	133000
17075	149500
17077	95000
17079	180000
17081	210000
17083	163000
17085	230000
17087	193845
17089	230000
17091	290000
17093	265000
17095	140000
17097	315000
17099	160000
17101	201150
17103	184000
17105	155000
17107	180000
17109	85500
17111	345000
17113	245000
17115	115000
17117	146000
17119	169001
17121	102850
17123	199750
17125	297000
17127	67800
17129	182000
17131	157500
17133	295330
17135	105500
17137	18500
17139	122500
17141	250000
17143	102250
17145	175000
17147	206000
17149	80000
17151	142000
17153	70500
17155	85000
17157	120000
17159	98000
17161	147000
17163	192584
17165	121100
17167	182000
17169	325000
17171	127500
17173	160500
17175	113600
17177	133375
17179	170000
17181	118450
17183	115000
17185	179900
17187	90000
17189	146000
17191	42000
17193	145000
17195	131000
17197	215000
17199	157500
17201	165000
17203	249900
18001	188250
18003	244000
18005	275000
18007	187750
18009	139500
18011	369995
18013	369900
18015	182500
18017	159900
18019	255000
18021	147000
18023	191375
18025	122500
18027	244900
18029	318500
18031	268800
18033	226700
18035	162500
18037	242500
18039	226500
18041	122500
18043	272250
18045	150000
18047	221900
18049	210000
18051	157000
18053	151500
18055	150000
18057	446450
18059	327000
18061	267950
18063	359500
18065	175000
18067	185000
18069	222500
18071	179750
18073	235500
18075	121400
18077	239950
18079	180000
18081	376500
18083	115000
18085	207000
18087	260000
18089	240000
18091	149450
18093	221750
18095	173000
18097	171000
18099	1490000
18101	195000
18103	170000
18105	345000
18107	242400
18109	300000
18111	150000
18113	230000
18115	251250
18117	200000
18119	245000
18121	165000
18123	182500
18125	185000
18127	279643
18129	210000
18131	208750
18133	302500
18135	175250
18137	221000
18139	232000
18141	127000
18143	182500
18145	246245
18147	285000
18149	220250
18151	249000
18153	179125
18155	145500
18157	283950
18159	260000
18161	217450
18163	191500
18165	155000
18167	312500
18169	250000
18171	194000
18173	430000
18175	178450
18177	90000
18179	210000
18181	282000
18183	237450
19001	165000
19003	191500
19005	177250
19007	75000
19009	40000
19011	199000
19013	130000
19015	198000
19017	195000
19019	189500
19021	167000
19023	250000
19025	80000
19027	215000
19029	146750
19031	219000
19033	156000
19035	157500
19037	116500
19039	144900
19041	153250
19043	166500
19045	143500
19047	160750
19049	363425
19051	160000
19053	195000
19055	575000
19057	143000
19059	354250
19061	262500
19063	185000
19065	82500
19067	142500
19069	212500
19071	130000
19073	120000
19075	150000
19077	199000
19079	115000
19081	160000
19083	138000
19085	200000
19087	180000
19089	133750
19091	180750
19093	121250
19095	207500
19097	245000
19099	187000
19101	170000
19103	327750
19105	259000
19107	107500
19109	212470
19111	130000
19113	228450
19115	97500
19117	84000
19119	194500
19121	185750
19123	160500
19125	220000
19127	140000
19129	310000
19131	237000
19133	125000
19135	300000
19137	142500
19139	218000
19141	405000
19143	196250
19145	95000
19147	112000
19149	260000
19151	110000
19153	277450
19155	175000
19157	310000
19159	129000
19161	382500
19163	345000
19165	156000
19167	256250
19169	396250
19171	127500
19173	205000
19175	267205
19177	130000
19179	135000
19181	229290
19183	196000
19185	87000
19187	99500
19189	115500
19191	250000
19193	182500
19195	104500
19197	67250
20001	123500
20003	218750
20005	151250
20007	61500
20009	199000
20011	130000
20013	69750
20015	240000
20017	101950
20019	60000
20021	126500
20023	132000
20025	220000
20027	124000
20029	62000
20031	180000
20033	50000
20035	109950
20037	108500
20039	62900
20041	170000
20043	152900
20045	331250
20047	49500
20049	155000
20051	245000
20053	75000
20055	249500
20057	212000
20059	287500
20061	209900
20063	114750
20065	92000
20067	195000
20069	338900
20071	230000
20073	89000
20075	249000
20077	70000
20079	185450
20081	235000
20083	249500
20085	237500
20087	139000
20089	145900
20091	387500
20093	65000
20095	223900
20097	205000
20099	89250
20101	540000
20103	269000
20105	170000
20107	198450
20109	97500
20111	142950
20113	246250
20115	82250
20117	180000
20119	189800
20121	271250
20123	50000
20125	115000
20127	559000
20129	89000
20131	160000
20133	85000
20135	199500
20137	131000
20139	174950
20141	69000
20143	285000
20145	160000
20147	35000
20149	359000
20151	110500
20153	197000
20155	183000
20157	135000
20159	51500
20161	258950
20163	185000
20165	105000
20167	142500
20169	204000
20171	138500
20173	230000
20175	145000
20177	207900
20179	300000
20181	189000
20183	34900
20185	64900
20187	225000
20189	175000
20191	144950
20193	299999
20195	262000
20197	190000
20199	118000
20201	35000
20203	148000
20205	96000
20207	107500
20209	225000
21001	156000
21003	229900
21005	250000
21007	95000
21009	237750
21011	116500
21013	232450
21015	362000
21017	304700
21019	68000
21021	273500
21023	186450
21025	166000
21027	231450
21029	238500
21031	359000
21033	177750
21035	239950
21037	209000
21039	434900
21041	176950
21043	134900
21045	202400
21047	250000
21049	255000
21051	165000
21053	151500
21055	159900
21057	459000
21059	242000
21061	228950
21063	80000
21065	139950
21067	225500
21069	195000
21071	72450
21073	329000
21075	100000
21077	248000
21079	252500
21081	285000
21083	180000
21085	202450
21087	280000
21089	161500
21091	105000
21093	264445
21095	99813
21097	267000
21099	200000
21101	85000
21103	259900
21105	144450
21107	157200
21109	180000
21111	359500
21113	225000
21115	256250
21117	255750
21119	175000
21121	194000
21123	215000
21125	235000
21127	138250
21129	160500
21131	124000
21133	340000
21135	129000
21137	258500
21139	165000
21141	237100
21143	331000
21145	215000
21147	230000
21149	279500
21151	375000
21153	150000
21155	289500
21157	165750
21159	67500
21161	204000
21163	290000
21165	143500
21167	283270
21169	162500
21171	151500
21173	230000
21175	241500
21177	192500
21179	260000
21181	190000
21183	228050
21185	220000
21187	193150
21189	215000
21191	178000
21193	317500
21195	140000
21197	225000
21199	224500
21201	70000
21203	154950
21205	207500
21207	215610
21209	364450
21211	365000
21213	390000
21215	495000
21217	218900
21219	266750
21221	236500
21223	250000
21225	130000
21227	304995
21229	160000
21231	127000
21233	185000
21235	162500
21237	291250
21239	450000
22001	222360
22003	138000
22005	293000
22007	250000
22009	189000
22011	252000
22013	121750
22015	237950
22017	214500
22019	257500
22021	182450
22023	385000
22025	112500
22027	298500
22029	198000
22031	387000
22033	274943
22035	112500
22037	317000
22039	98000
22041	145000
22043	205500
22045	200000
22047	282450
22049	202000
22051	340000
22053	156000
22055	253000
22057	220500
22061	285000
22063	355000
22065	210000
22067	84500
22069	265000
22071	86000
22073	259250
22075	392000
22077	230000
22079	205000
22081	138000
22083	150000
22085	84900
22087	220000
22089	147900
22091	441250
22093	328500
22095	82500
22097	162500
22099	205750
22101	122900
22103	305000
22105	255000
22107	625000
22109	192000
22111	250000
22113	224530
22115	187000
22117	221500
22119	161000
22121	283120
22123	117800
22125	559000
22127	173500
23001	295000
23003	174858
23005	405750
23007	259500
23009	334000
23011	287000
23013	375000
23015	380000
23017	180000
23019	293000
23021	289900
23023	412500
23025	270000
23027	342500
23029	250000
23031	503000
24001	152500
24003	334000
24005	411500
24009	420000
24011	300000
24013	460000
24015	247500
24017	371990
24019	245000
24021	475000
24023	640000
24025	470000
24027	517500
24029	320000
24031	592000
24033	435000
24035	375000
24037	315000
24041	340000
24043	270000
24510	257500
25001	685000
25003	450000
25005	405000
25007	1000000
25009	830000
25011	318000
25013	375000
25015	448000
25017	955000
25019	2434625
25021	765000
25023	650000
25025	1100000
25027	350000
26001	249000
26003	237500
26005	298500
26007	159900
26009	360000
26011	117750
26013	225000
26015	310000
26017	155000
26019	460000
26021	275000
26023	195000
26025	200000
26027	214000
26029	611000
26031	74500
26033	180000
26035	103750
26037	269900
26039	234950
26041	174250
26043	105000
26045	245000
26047	299500
26049	52500
26051	189908
26053	127450
26055	377500
26057	154000
26059	232500
26061	125000
26063	149250
26065	175400
26067	250000
26069	130000
26071	197500
26073	205000
26075	120000
26077	238750
26079	310000
26081	332500
26083	66000
26085	195000
26087	236300
26089	678000
26091	220000
26093	333750
26095	154950
26097	482500
26099	193500
26101	230000
26103	225500
26105	219000
26107	236500
26109	166650
26111	230000
26113	225000
26115	255000
26117	202500
26119	175000
26121	127500
26123	214200
26125	512990
26127	236500
26129	120000
26131	363500
26133	177950
26135	98750
26137	245000
26139	390000
26141	145000
26143	150000
26145	159000
26147	269000
26149	179900
26151	150000
26153	79000
26155	179900
26157	140000
26159	270000
26161	425000
26163	145000
26165	275000
27001	330000
27003	485000
27005	320000
27007	275000
27009	275000
27011	180000
27015	175000
27019	455000
27021	123000
27023	181500
27025	380000
27029	229500
27031	380000
27033	234000
27035	328000
27037	167500
27039	299000
27041	199000
27043	188000
27045	201950
27047	167500
27049	370000
27051	236000
27053	200000
27055	258500
27057	269900
27059	167500
27061	235600
27063	146750
27065	264500
27067	269900
27069	70000
27071	129000
27073	140500
27077	199000
27079	385000
27081	62000
27083	204000
27085	275000
27087	79546
27089	202500
27091	171750
27093	232500
27095	278350
27097	264900
27099	193000
27101	204950
27105	302500
27107	116500
27109	352000
27111	345000
27113	260000
27115	200000
27117	226100
27121	202500
27123	323000
27125	173000
27127	244450
27129	220000
27131	228800
27133	130000
27135	189500
27139	485000
27141	387450
27143	189900
27145	71500
27147	261000
27149	192000
27151	217500
27153	270000
27155	99000
27157	355000
27159	355000
27161	232390
27163	340000
27165	161000
27167	254000
27169	215000
27171	355000
27173	245000
28001	235000
28003	262250
28005	477500
28007	164500
28009	350000
28011	158625
28013	212500
28015	317500
28017	162750
28019	165000
28021	22200
28023	375000
28025	267000
28027	131000
28029	137500
28033	311000
28037	57715
28039	215000
28041	100000
28043	73000
28045	215000
28047	325000
28049	75000
28051	172000
28053	34700
28055	135000
28057	174900
28059	233250
28063	51000
28065	52200
28069	61500
28071	406500
28075	166000
28077	144625
28079	194000
28081	272450
28083	69000
28085	175000
28087	525000
28089	117500
28091	98500
28093	305000
28095	147750
28097	116000
28099	765000
28101	128185
28103	149900
28105	310000
28107	172000
28109	237500
28113	195000
28115	290000
28117	109500
28119	256500
28121	286350
28123	120000
28125	125000
28127	149000
28129	132500
28131	170000
28133	105000
28135	53500
28137	290000
28139	175000
28141	277475
28143	75000
28145	244000
28147	113000
28149	219000
28151	109500
28153	269000
28155	87788
28157	95000
28159	55000
28161	160000
28163	146850
29001	287700
29003	160000
29005	110000
29007	204900
29009	260000
29011	205450
29013	130000
29015	184950
29017	158500
29019	264950
29021	195000
29023	148600
29025	110000
29027	311500
29029	830000
29031	251500
29033	125000
29035	134900
29037	339900
29039	160000
29041	69000
29043	315000
29045	134500
29047	339150
29049	287000
29051	179999
29053	218500
29055	189500
29057	319500
29059	55000
29061	342500
29063	294000
29065	112000
29067	399500
29069	92500
29071	355000
29073	334500
29075	212950
29077	259900
29079	211750
29081	79000
29083	189900
29085	130000
29087	97500
29089	237000
29091	189900
29093	155000
29095	196000
29097	269950
29099	152500
29101	277000
29103	114700
29105	237250
29107	247500
29109	219900
29111	179500
29113	306775
29115	269900
29117	179950
29119	339900
29121	359500
29123	128500
29125	168750
29127	129740
29129	144500
29131	230000
29133	106300
29135	144900
29137	71250
29139	190000
29141	314900
29143	53000
29145	242450
29147	230000
29149	105000
29151	625000
29153	325000
29155	74150
29157	262000
29159	199900
29161	63000
29163	189000
29165	373000
29167	234125
29169	185000
29171	396000
29173	326000
29175	165000
29177	263250
29179	114950
29181	137950
29183	230000
29185	387500
29186	233650
29187	190000
29189	230000
29195	130000
29197	325000
29199	77500
29201	122000
29203	192700
29205	177588
29207	130000
29209	509500
29211	49000
29213	292000
29215	202500
29217	176250
29219	310415
29221	277450
29223	229000
29225	291950
29227	145000
29229	200000
29510	220000
30001	595000
30003	229000
30005	72000
30007	665000
30009	563444
30011	199000
30013	349250
30015	223000
30017	170000
30019	225000
30021	449000
30023	169000
30025	107500
30027	900000
30029	675000
30031	694500
30033	235000
30035	250000
30037	265000
30039	550000
30041	289000
30043	615000
30045	130000
30047	265000
30049	450000
30051	210000
30053	350000
30055	137000
30057	745000
30059	579000
30061	479250
30063	527450
30065	319950
30067	480000
30069	159900
30071	349900
30073	395000
30075	187000
30077	120000
30079	189000
30081	899000
30083	187500
30085	20900
30087	289900
30089	525000
30091	217500
30093	235000
30095	595000
30097	415000
30099	339000
30101	124500
30103	299000
30105	299900
30107	249000
30109	319000
30111	427450
31001	162916
31003	113422
31005	60000
31007	360000
31009	55000
31011	211250
31013	183000
31015	22500
31017	282500
31019	216534
31021	210000
31023	115484
31025	314489
31027	159000
31029	35000
31031	150000
31033	190000
31035	197500
31037	221689
31039	276250
31041	138169
31043	388000
31045	141778
31047	219736
31049	310000
31051	220000
31053	185000
31055	200000
31057	81000
31059	152000
31061	153500
31063	94862
31065	61250
31067	165000
31069	55000
31071	265000
31073	425000
31075	58000
31077	639000
31079	237406
31081	325000
31083	51975
31085	70000
31087	172000
31089	294000
31091	150000
31093	158500
31095	50000
31097	225000
31099	199000
31101	78900
31103	220000
31105	87500
31107	115484
31109	138169
31111	260000
31113	175000
31115	500000
31117	165000
31119	193000
31121	160249
31123	163000
31125	110000
31127	267500
31129	132250
31131	231184
31133	90000
31135	160000
31137	296444
31139	122500
31141	260000
31143	149500
31145	214414
31147	95000
31149	135000
31151	195911
31153	285990
31155	283556
31157	201067
31159	331500
31161	51500
31163	197000
31165	232500
31167	314489
31169	94750
31171	62500
31173	118750
31175	244750
31177	360889
31179	238000
31181	237156
31185	190000
32001	390000
32003	435000
32005	590000
32007	720000
32009	304000
32011	325000
32013	384872
32015	225000
32017	180000
32019	425000
32021	205500
32023	380000
32027	180000
32029	695000
32031	817500
32033	229000
32510	524970
33001	487500
33003	630000
33005	335499
33007	233000
33009	590000
33011	475000
33013	397500
33015	623765
33017	450000
33019	175000
34001	446500
34003	839500
34005	310000
34007	217500
34009	775000
34011	230000
34013	353950
34015	224800
34017	594500
34019	520000
34021	447500
34023	520000
34025	750000
34027	689500
34029	480000
34031	435000
34033	304000
34035	565000
34037	395000
34039	600000
34041	265000
35003	275000
35005	270000
35006	152000
35007	269500
35009	308500
35011	119500
35013	238500
35015	291450
35017	272250
35019	193000
35021	45000
35023	121000
35025	399000
35027	460000
35028	337500
35029	215000
35031	264902
35033	649000
35035	299900
35037	37000
35039	332500
35041	209900
35045	217000
35047	295000
35049	445846
35051	144000
35053	150000
35055	447000
35059	51500
36001	337500
36003	136250
36005	885000
36007	70250
36009	85000
36011	260000
36013	140400
36015	105000
36017	176750
36019	220000
36021	461750
36023	169700
36025	320000
36027	507500
36029	255000
36031	809500
36033	1300000
36035	168150
36037	201000
36039	468000
36041	412500
36043	185000
36045	217250
36047	1695000
36049	242500
36051	235000
36053	310960
36055	250000
36057	149675
36059	822500
36061	2725000
36063	217500
36065	208050
36067	270500
36069	382500
36071	460000
36073	184500
36075	150000
36077	235500
36079	575100
36081	780000
36083	350000
36085	690000
36087	672500
36089	147250
36091	395000
36093	363378
36095	281700
36097	200000
36099	300000
36101	184000
36103	980000
36105	310000
36107	249500
36109	330000
36111	445000
36113	315000
36115	218000
36117	331500
36119	310000
36121	235750
36123	263500
37001	340000
37003	317500
37005	365000
37007	197625
37009	720500
37011	619000
37013	258000
37015	153500
37017	269950
37019	305750
37021	336995
37023	275000
37025	328000
37027	289000
37029	280790
37031	441000
37033	114000
37035	322500
37037	456450
37039	352000
37041	378750
37043	390000
37045	257000
37047	241990
37049	322500
37051	128250
37053	556475
37055	579000
37057	116500
37059	349500
37061	325000
37063	330000
37065	170000
37067	245000
37069	385000
37071	315000
37073	276250
37075	396050
37077	230000
37079	292000
37081	262500
37083	256250
37085	246161
37087	450000
37089	456375
37091	194000
37093	320000
37095	208750
37097	315000
37099	800000
37101	258995
37103	264950
37105	298000
37107	203750
37109	365000
37111	233212
37113	393000
37115	358500
37117	80000
37119	435000
37121	334000
37123	188000
37125	293500
37127	292990
37129	487933
37131	150000
37133	310000
37135	557500
37137	389000
37139	232360
37141	438000
37143	213750
37145	325000
37147	300000
37149	484750
37151	295000
37153	213392
37155	225250
37157	155000
37159	245000
37161	299500
37163	222000
37165	214000
37167	310000
37169	319950
37171	230000
37173	348125
37175	515500
37177	269000
37179	220000
37181	265000
37183	450000
37185	285000
37187	43750
37189	632500
37191	228740
37193	237500
37195	240000
37197	157000
37199	428500
38001	30000
38003	232500
38005	99000
38007	599900
38009	237500
38011	205000
38013	197500
38015	175000
38019	85000
38021	161950
38023	47000
38025	275750
38027	52500
38029	152450
38031	245000
38033	172000
38037	85000
38039	235000
38041	137500
38043	752000
38045	120000
38047	200000
38049	575999
38051	94875
38053	399950
38055	134000
38057	285623
38059	277500
38061	300000
38063	165000
38065	224900
38067	150000
38069	47500
38071	162450
38073	273000
38075	159900
38077	302000
38079	155000
38081	350000
38083	125000
38085	1200000
38087	58500
38089	260000
38091	180000
38093	283500
38095	127500
38097	255500
38099	212500
38101	282000
38103	175000
38105	332500
39001	241000
39003	199850
39005	212000
39007	150000
39009	231250
39011	207500
39013	143000
39015	259000
39017	148000
39019	219900
39021	295000
39023	230000
39025	217500
39027	299900
39029	180000
39031	133000
39033	130000
39035	215000
39037	175000
39039	171000
39041	499000
39043	300000
39045	35000
39047	330000
39049	325000
39051	197000
39053	302500
39055	372500
39057	270000
39059	165000
39061	225000
39063	230000
39065	212500
39067	155000
39069	200000
39071	198000
39073	375000
39075	260000
39077	156000
39079	166450
39081	140000
39083	185900
39085	226000
39087	192000
39089	152000
39091	260000
39093	247000
39095	160500
39097	343445
39099	90000
39101	169000
39103	208000
39105	100000
39107	231500
39109	124000
39111	169000
39113	416500
39115	71500
39117	309995
39119	161500
39121	176000
39123	250000
39125	133000
39127	215000
39129	307900
39131	252500
39133	285000
39135	211750
39137	205000
39139	204000
39141	167000
39143	100000
39145	262500
39147	185000
39149	160000
39151	216500
39153	299000
39155	173000
39157	216450
39159	490030
39161	159500
39163	210200
39165	352501
39167	222500
39169	199000
39171	163000
39173	232000
39175	143000
40001	217500
40003	276250
40005	1344000
40007	185000
40009	157500
40011	165000
40013	282000
40015	160000
40017	215000
40019	215000
40021	181350
40023	271100
40025	72500
40027	440000
40029	199000
40031	185000
40033	24900
40035	136225
40037	209440
40039	165000
40041	408750
40043	227500
40045	2500000
40047	20000
40049	154500
40051	245000
40053	265000
40055	71950
40057	26000
40059	185000
40061	162000
40063	162500
40065	165750
40067	147600
40069	320000
40071	99000
40073	205000
40075	60000
40077	162500
40079	175000
40081	190000
40083	292458
40085	850000
40087	277990
40089	680000
40091	215000
40093	180500
40095	429500
40097	182000
40099	165000
40101	175730
40103	195000
40105	245000
40107	193000
40109	195000
40111	179000
40113	225000
40115	325000
40117	80500
40119	245500
40121	165000
40123	260000
40125	199750
40127	341500
40129	95000
40131	283500
40133	199000
40135	225000
40137	132500
40139	195000
40141	402500
40143	272000
40145	261000
40147	83000
40149	147500
40151	165000
40153	135000
41001	335000
41003	276500
41005	631425
41007	552500
41009	471250
41011	399000
41013	494000
41015	475000
41017	703250
41019	280500
41021	220000
41023	267000
41025	359450
41027	1100000
41029	247500
41031	202000
41033	367500
41035	250000
41037	125000
41039	465000
41041	352500
41043	390000
41045	285000
41047	485000
41049	322475
41051	397175
41053	410000
41055	325000
41057	620000
41059	290000
41061	272000
41063	175000
41065	390000
41067	690000
41069	141400
41071	380000
42001	326500
42003	240000
42005	184750
42007	303000
42009	153000
42011	244950
42013	195000
42015	177000
42017	519063
42019	310000
42021	107500
42023	105000
42025	262500
42027	257500
42029	444000
42031	214900
42033	147750
42035	180000
42037	145000
42039	157500
42041	302500
42043	186000
42045	485000
42047	435000
42049	174900
42051	162000
42053	167500
42055	235000
42057	164900
42059	152950
42063	129500
42065	90000
42067	180000
42069	215000
42071	321000
42073	149000
42075	372500
42077	293450
42079	225000
42081	57500
42083	147500
42085	330000
42087	90000
42089	399000
42091	259000
42093	95000
42095	212000
42097	127000
42099	240750
42101	251500
42103	320000
42105	450000
42107	225000
42109	140000
42111	157750
42113	393000
42115	150000
42117	176000
42119	349000
42121	170000
42123	207500
42125	235000
42127	282500
42129	168000
42131	284750
42133	237000
44001	749000
44003	450000
44005	662500
44007	496000
44009	560000
45001	295000
45003	375000
45005	29000
45007	155000
45009	74500
45011	150000
45013	340000
45015	399945
45019	661000
45021	264950
45023	267450
45025	276750
45027	275750
45029	255000
45031	245000
45033	180452
45035	365000
45037	362000
45041	139900
45043	550000
45045	332037
45047	271750
45049	179000
45051	365000
45053	478715
45057	465800
45059	280109
45061	200000
45065	407450
45067	214950
45069	129000
45071	282900
45073	305000
45075	210000
45077	215000
45083	202450
45085	233000
45087	209888
45089	240500
45091	174250
46003	227500
46005	169000
46007	26500000
46009	145000
46011	304000
46013	174900
46015	415000
46019	250000
46021	175000
46023	495000
46025	168000
46027	279900
46029	300000
46031	119900
46033	320000
46035	240000
46037	265000
46039	178750
46041	67500
46043	108250
46045	475000
46047	170500
46049	270000
46051	167500
46053	205000
46055	359000
46057	220000
46059	85000
46061	202500
46063	155000
46065	342000
46067	110000
46069	210000
46071	50000
46073	100500
46075	535000
46077	88000
46079	132000
46081	485000
46083	384500
46085	253500
46087	482500
46089	50000
46091	47000
46093	320000
46095	65000
46097	76900
46099	168000
46101	265000
46102	315000
46103	370000
46105	50000
46107	240000
46109	144500
46111	114500
46115	83000
46117	324250
46119	240000
46121	85000
46123	131200
46125	550000
46127	219400
46129	220000
46135	305000
46137	141750
47001	345900
47003	329990
47005	210000
47007	250000
47009	397500
47011	321500
47013	825000
47015	300000
47017	264000
47019	249500
47021	386500
47023	181200
47025	250000
47027	245000
47029	264500
47031	225000
47033	158000
47035	220000
47037	450000
47039	672500
47041	310000
47043	350000
47045	148000
47047	394450
47049	393400
47051	300000
47053	211450
47055	226500
47057	339000
47059	330000
47061	300000
47063	215000
47067	98200
47069	170000
47071	207500
47073	238000
47075	234750
47077	201000
47079	289000
47081	295000
47083	251000
47085	238000
47087	280000
47089	367500
47091	275000
47093	420000
47095	127500
47097	150000
47099	295000
47101	179500
47103	230000
47105	272000
47107	235000
47109	174950
47111	322000
47113	279500
47117	199990
47119	414995
47121	405500
47123	319950
47125	185000
47127	475000
47129	327500
47131	192000
47133	310000
47135	299450
47137	229000
47139	331500
47141	321100
47143	325000
47145	325000
47147	380608
47149	444200
47151	185000
47155	475188
47157	140878
47159	292000
47161	292500
47163	232950
47165	377500
47167	320000
47169	339900
47171	325000
47173	352450
47175	230750
47177	277650
47179	425000
47181	166500
47183	200000
47185	295000
47187	499000
47189	393000
48001	237500
48003	98000
48005	267200
48007	328000
48009	220450
48011	30000
48013	200000
48015	429900
48017	235000
48019	632500
48021	350000
48023	129525
48025	175000
48027	419700
48029	184750
48031	535000
48033	45000
48035	183500
48037	192500
48039	260000
48041	325800
48043	380000
48045	99000
48047	75000
48049	200000
48051	399900
48053	348000
48055	240000
48057	244000
48059	246494
48061	237000
48063	187450
48065	191000
48067	159900
48069	112500
48071	326000
48073	169000
48075	154000
48077	120000
48079	124900
48081	305500
48083	105000
48085	435000
48087	121000
48089	171000
48091	880000
48093	300000
48095	121000
48097	334490
48099	265000
48101	35000
48103	226000
48105	350000
48107	130000
48109	330000
48111	160000
48113	250000
48115	35000
48117	178450
48119	274000
48121	365000
48123	35000
48125	65000
48127	169500
48129	255000
48131	65000
48133	148996
48135	159900
48137	267500
48139	424990
48141	182500
48143	307000
48145	47000
48147	275000
48149	289993
48151	78000
48153	68000
48155	39000
48157	255000
48159	359000
48161	290000
48163	126000
48165	230000
48167	284000
48169	131000
48171	459448
48173	440000
48175	272500
48177	370000
48179	167900
48181	305000
48183	259750
48185	462900
48187	270000
48189	179750
48191	79500
48193	135000
48195	185000
48197	184000
48199	229000
48201	315000
48203	280000
48205	319000
48207	254100
48209	340000
48211	270500
48213	290000
48215	512500
48217	349900
48219	249750
48221	335930
48223	331500
48225	129000
48227	233000
48229	94000
48231	305593
48233	135000
48235	316900
48237	215000
48239	100000
48241	229000
48243	382000
48245	185450
48247	109900
48249	120500
48251	357000
48253	140000
48255	180000
48257	299999
48259	637553
48261	438000
48263	675000
48265	299750
48267	199999
48271	190000
48273	239000
48275	150000
48277	220000
48279	189500
48281	299990
48283	217500
48285	262500
48287	471750
48289	150000
48291	268595
48293	570000
48295	274000
48297	275000
48299	124998
48303	209000
48305	285500
48307	140000
48309	295208
48311	659000
48313	242000
48315	264900
48317	302000
48319	248779
48321	226000
48323	259000
48325	399995
48327	455000
48329	262500
48331	189000
48333	100000
48335	36000
48337	240000
48339	318750
48341	205000
48343	179900
48345	215000
48347	194450
48349	215000
48351	224500
48353	223245
48357	188500
48359	140000
48361	193950
48363	253000
48365	229900
48367	434900
48369	245000
48371	141000
48373	255000
48375	225000
48377	410000
48379	485000
48381	279000
48383	165000
48385	424500
48387	184950
48389	290000
48391	155000
48393	675000
48395	179900
48397	430000
48399	142000
48401	249950
48403	209500
48405	94900
48407	259500
48411	80000
48413	240000
48415	184999
48417	125000
48419	467500
48421	199500
48423	317000
48425	537450
48427	200000
48429	850
48431	279000
48433	59000
48435	159900
48437	75000
48439	340000
48441	260500
48443	115000
48445	260000
48447	50000
48449	243500
48451	175000
48453	375000
48455	185000
48457	219000
48459	178096
48461	175000
48463	208000
48465	299000
48467	304990
48469	225000
48471	172000
48473	296495
48475	167091
48477	271740
48479	238750
48481	315000
48483	58000
48485	209900
48487	145000
48489	165000
48491	296500
48493	135999
48495	193500
48497	67400
48499	299900
48501	145000
48503	135000
48505	154950
48507	300000
49001	375000
49003	420000
49005	310700
49007	282050
49009	120000
49011	301000
49013	436250
49015	303300
49017	57500
49019	607000
49021	434000
49023	434999
49025	385000
49027	345000
49029	1247500
49031	304750
49033	645000
49035	436275
49037	525000
49039	410000
49041	330000
49043	2125000
49045	479995
49047	430700
49049	424900
49051	1547500
49053	531000
49055	940000
49057	337500
50001	425000
50003	250000
50005	299900
50007	558000
50009	132500
50011	291000
50013	405000
50015	520000
50017	330000
50019	282500
50021	320000
50023	372500
50025	310000
50027	280000
51001	305000
51003	730750
51005	148000
51007	371500
51009	328275
51011	258000
51013	675000
51015	340000
51017	215000
51019	400000
51021	200000
51023	319000
51025	301000
51027	172500
51029	215950
51031	255000
51033	310000
51035	225000
51036	306000
51037	217750
51041	338995
51043	660000
51045	450000
51047	499950
51049	366800
51051	75000
51053	303750
51057	310500
51059	620000
51061	452000
51063	280000
51065	325000
51067	759000
51069	375000
51071	305000
51073	420000
51075	945676
51077	257500
51079	299575
51081	187000
51083	275000
51085	480000
51087	297000
51089	1400000
51091	185500
51093	443258
51095	492500
51097	280000
51099	482000
51101	382475
51103	429500
51105	120000
51107	635000
51109	390000
51111	250000
51113	380000
51115	262500
51117	425000
51119	362500
51121	265950
51125	557500
51127	475000
51131	775000
51133	329000
51135	197500
51137	343757
51139	299000
51141	236500
51143	214950
51145	575000
51147	280000
51149	338490
51153	667500
51155	215200
51157	437500
51159	144183
51161	155000
51163	299500
51165	322000
51167	250000
51169	159900
51171	190000
51173	175000
51175	323750
51177	377500
51179	550000
51181	110000
51183	255000
51185	12000
51187	385000
51191	322500
51193	337000
51195	144200
51197	214000
51199	315000
51510	520000
51520	215000
51530	243200
51540	999950
51550	412450
51570	300000
51580	80700
51590	120500
51595	174750
51600	872500
51610	1500000
51620	269595
51630	367500
51640	145000
51650	291500
51660	287450
51670	239000
51678	210000
51680	254600
51683	277450
51685	625000
51690	97500
51700	286000
51710	312500
51720	140000
51730	240000
51735	549773
51740	250000
51750	287500
51760	433108
51770	197450
51775	293975
51790	184900
51800	317000
51810	480000
51820	279000
51830	568500
51840	376250
53001	330370
53003	404950
53005	420965
53007	435000
53009	399900
53011	368000
53013	240938
53015	399498
53017	412500
53019	425000
53021	420000
53023	172000
53025	700000
53027	264950
53029	525191
53031	446000
53033	775000
53035	415000
53037	621376
53039	399000
53041	448500
53043	255000
53045	500000
53047	326133
53049	190000
53051	400000
53053	550000
53055	1034500
53057	680280
53059	599000
53061	950000
53063	420000
53065	500000
53067	505000
53069	750000
53071	435000
53073	382812
53075	188700
53077	365925
54001	149500
54003	335950
54005	120000
54007	216500
54009	125750
54011	449000
54013	110000
54015	140000
54017	271500
54019	286450
54021	178500
54023	175000
54025	187000
54027	285000
54029	170000
54031	290000
54033	365000
54035	113500
54037	380000
54039	172000
54041	125000
54043	189950
54045	150000
54047	75000
54049	222490
54051	112000
54053	171000
54055	148750
54057	165000
54059	105000
54061	272500
54063	199450
54065	327000
54067	373500
54069	20000
54071	192000
54073	110000
54075	165000
54077	229000
54079	288000
54081	156500
54083	269000
54085	79000
54087	86250
54089	119900
54091	82500
54093	235000
54095	120000
54097	99500
54099	153375
54101	47750
54103	72000
54105	265000
54107	180750
54109	95000
55001	240000
55003	950
55005	220000
55007	250000
55009	308000
55011	287000
55013	250000
55015	389950
55017	205900
55019	177900
55021	385000
55023	229950
55025	269000
55027	236000
55029	575900
55033	200000
55035	266500
55037	261000
55039	330000
55041	149900
55043	200000
55045	268500
55047	240000
55049	422500
55051	212450
55053	255750
55055	354000
55057	265000
55059	300000
55061	263500
55063	304000
55065	244500
55067	218896
55069	212700
55071	262000
55073	240000
55075	238400
55077	210000
55078	301625
55079	252050
55081	244000
55083	282500
55085	289500
55087	317700
55089	334200
55091	325000
55093	410000
55095	299900
55097	239000
55099	183750
55101	275000
55103	227500
55105	234950
55107	157500
55109	225350
55111	331084
55113	256000
55115	231000
55117	195000
55119	181170
55121	295000
55123	300000
55125	369000
55127	395084
55129	370000
55131	445000
55133	515000
55135	271000
55137	330000
55139	322500
55141	163250
56001	367250
56003	263500
56005	599000
56007	185000
56009	256750
56011	808500
56013	320000
56015	300000
56017	192000
56019	367000
56021	399900
56023	589000
56025	314500
56027	123000
56029	492000
56031	192500
56033	415000
56035	567000
56037	325000
56039	2550000
56041	394300
56043	270000
56045	309000
