fips	white	black	asian	hispanic
01001	71.36	20.99	1.31	3.85
01003	82.27	8.22	1.15	5.78
01005	44.76	46.48	0.58	6.21
01007	73.71	20.37	0.3	3.61
01009	85.45	1.83	0.44	10.52
01011	22.3	69.92	0.34	6.17
01013	50.33	44.67	1.49	1.75
01015	69.69	22.03	0.9	4.76
01017	54.36	39.12	0.89	4.13
01019	90.85	4.22	0.43	1.92
01021	77.95	9.79	0.45	10.09
01023	56.86	40.47	0.33	1.26
01025	51.39	45.23	0.44	1.28
01027	80.03	13.47	0.35	3.43
01029	92.76	2.95	0.25	2.08
01031	67.96	16.36	1.74	9.94
01033	77.25	15.49	0.8	3.65
01035	49.76	44.36	0.55	3.09
01037	66.63	28.2	0.21	2.55
01039	82.5	12.31	0.58	2.08
01041	69.92	23.03	1.37	2.33
01043	91.06	1.24	0.67	5.12
01045	66.59	21.18	1.46	7.23
01047	26.5	70.59	0.61	1.13
01049	77.34	1.49	0.55	17.3
01051	71.96	21.74	0.73	3.48
01053	60.51	30.77	0.33	2.38
01055	76.59	14.98	0.84	5.38
01057	83.87	11.17	0.54	2.24
01059	73.34	3.66	0.4	20.61
01061	81.9	8.74	0.5	5.53
01063	17.9	79.46	0.35	0.79
01065	39.37	57.66	0.4	1.31
01067	70.91	23.93	0.58	2.25
01069	64.22	27.21	1.26	4.76
01071	88.29	3.3	0.61	3.67
01073	48.09	42.98	1.88	5.47
01075	85.61	10.09	0.12	2.05
01077	83.2	9.95	1.11	3.51
01079	76.11	9.93	0.32	3.26
01081	66.03	22.38	4.24	5.38
01083	73.2	14.1	2.2	7.69
01085	24.96	71.8	0.48	1.71
01087	17.29	78.35	0.6	2.32
01089	62.5	24.57	2.7	6.82
01091	44.29	51.22	0.36	2.84
01093	90.46	4.03	0.37	3.31
01095	76.78	2.72	0.8	17.52
01097	55.25	36.36	2.17	3.55
01099	53.02	41.69	0.58	1.44
01101	29.55	60.33	3.48	4.99
01103	72.72	12.9	0.72	10.63
01105	27.5	69.28	0.57	1.38
01107	52.75	38.73	0.38	6.73
01109	54.75	38.03	2.04	2.82
01111	76.39	17.89	0.65	2.87
01113	44.4	45.57	0.78	6.13
01115	82.88	11.26	0.84	3.03
01117	73.81	14.43	2.41	7.56
01119	26.51	69.11	1.69	1.44
01121	62.32	32.35	0.67	2.45
01123	68.54	26.4	0.57	2.93
01125	59.06	32.29	1.74	5.48
01127	87.46	6.12	0.51	3.89
01129	65.9	22.71	0.87	1.12
01131	27.92	68.85	0.26	1.31
01133	92.35	1.13	0.42	3.84
02013	9.56	9.04	44.18	20.75
02016	24.61	8.59	39.28	14.26
02020	55.19	5.12	10.38	9.6
02050	7.97	0.93	1.04	1.44
02060	41	0.95	2.13	8.06
02068	74.31	3.98	6.06	3.03
02070	14.48	0.65	1.04	3.73
02090	68.15	4.73	3.44	8.82
02100	75.51	0.87	1.74	4.15
02105	46.02	2.17	0.93	6.54
02110	63.21	1.26	7.34	7.42
02122	79.12	0.79	1.84	4.55
02130	62.22	1.12	8.64	5.79
02150	47.39	1.25	24.62	8.65
02158	2.76	0.39	0.42	0.25
02164	21.64	1.28	3.08	2.85
02170	77.32	1.25	1.75	5.51
02180	12.94	0.91	1.88	2.22
02185	31.03	1.67	5.65	5.42
02188	9.12	1.25	1.03	2.31
02195	67.84	2.19	7	5.19
02198	43.7	0.79	1.49	4.25
02220	61.12	1.16	8.48	7.28
02230	77.17	1.92	3.01	7.03
02240	71.82	2.18	3.18	6.05
02261	46.6	2.1	7.02	5.9
02275	61.92	1.02	3.44	4.36
02282	36.39	2.18	5.24	6.7
02290	21.76	0.94	1.77	2.42
04001	19.37	0.64	0.58	6.63
04003	55.72	3.69	2.23	34.79
04005	53.45	1.23	2.22	15.63
04007	62.39	0.64	0.89	18.28
04009	53.45	1.5	0.85	30.98
04011	45.03	1.59	1.14	46.89
04012	58.57	0.99	1.38	25.3
04013	53.21	6.08	5.14	31.41
04015	75.53	1.29	1.45	17.63
04017	43.51	0.87	0.81	11.1
04019	51.44	3.78	3.57	36.63
04021	55.37	5.78	2.21	30.17
04023	15.81	0.57	0.93	82.11
04025	78.75	0.82	1.46	15.69
04027	29.34	1.89	1.68	65.23
05001	67.67	24.97	0.86	4.31
05003	67.67	23.57	0.36	6.59
05005	93.36	0.55	0.68	3.04
05007	69.88	2	4.87	18.71
05009	92.54	0.55	0.7	3.36
05011	53.55	27.54	0.62	16.46
05013	72.68	21.03	0.32	2.93
05015	76.14	0.67	2.72	15.96
05017	38.68	52.39	0.81	6.67
05019	68.12	22.56	0.84	5.89
05021	94.08	0.9	0.25	2.55
05023	93.27	0.64	0.55	3.06
05025	83.17	10.75	1.02	2.78
05027	58.5	34.91	1.07	3.56
05029	79.79	11.42	0.64	5.03
05031	71.79	18.09	1.32	6.47
05033	81.9	1.73	1.91	8.96
05035	38.37	55.67	0.73	3.45
05037	72.11	22.8	0.94	2.29
05039	52.48	39.63	0.53	4.17
05041	42.63	47.08	1.14	7.48
05043	65.52	26.74	0.9	4.95
05045	77.62	12.43	1.3	5.75
05047	90.44	0.94	1.38	3.57
05049	93.03	1.01	0.43	2.17
05051	80.05	8.37	0.92	7.59
05053	91.26	3.2	0.57	3
05055	90.63	2.48	0.53	3.88
05057	51.31	29.28	0.64	15.65
05059	81.23	11.15	0.54	4.29
05061	63.03	20.54	0.93	12.57
05063	85.15	2.38	0.9	9.02
05065	91.59	2.74	0.48	3.07
05067	75.36	17.77	0.61	3.5
05069	37.04	57.29	0.97	2.81
05071	76.87	1.79	3.88	14.06
05073	59.08	33.6	0.75	4.22
05075	93.31	1.36	0.43	2.3
05077	40.4	53.62	0.62	3.4
05079	61.98	30.45	0.66	5.22
05081	72.03	19.16	0.55	4.16
05083	89.87	1.38	2.02	3.81
05085	83.79	6.52	1.09	5.69
05087	86.97	0.55	1.2	7.07
05089	92.82	0.65	0.7	2.92
05091	66.4	25.84	0.6	4.27
05093	56.92	35.65	0.59	5.07
05095	53.19	39.73	0.81	3.29
05097	89.37	0.66	1.4	5.03
05099	62.49	29.82	0.48	4.99
05101	93.16	0.51	0.58	1.53
05103	54.42	39.65	0.54	2.75
05105	90.41	2.32	0.34	3.82
05107	33.4	61.95	0.79	2.19
05109	84.92	3.54	0.89	8.17
05111	84.6	8.47	0.39	3.82
05113	86.69	0.65	1.02	7.12
05115	81.45	3.08	1.26	11.46
05117	84.98	10.34	0.22	2.51
05119	48.93	37.91	2.37	8.34
05121	89.73	1.26	0.51	2.78
05123	39.65	53.33	0.62	3.95
05125	79.11	9.88	1.45	7.43
05127	83.28	1.09	2.82	8.09
05129	92.8	0.69	0.41	2.25
05131	66.88	6.61	4.65	16.36
05133	53.94	3.84	0.68	35.78
05135	92.52	1.22	0.55	2.6
05137	93.69	0.63	0.5	2.31
05139	59.82	32.36	0.94	4.88
05141	92.32	0.76	0.57	3.5
05143	68.15	3.71	2.67	18.71
05145	86.73	4.57	0.84	5.08
05147	69.9	24.77	0.34	2.13
05149	73.21	1.8	1.79	21.1
06001	27.88	9.64	34.53	23.34
06003	61.7	1.23	1.84	12.62
06005	74.69	2.75	2.01	16.46
06007	66.4	1.76	5.67	20.56
06009	77.09	0.89	2.28	15.22
06011	30.87	1.08	1.76	63.43
06013	38.68	8.46	20.66	27.81
06015	62.65	2.57	3.38	19.79
06017	74.46	0.93	5.67	14.73
06019	26.38	4.69	12.15	54.93
06021	47.53	0.76	2.94	45.54
06023	70.97	1.25	3.1	14.44
06025	8.95	2.22	2.13	86.3
06027	58.97	0.96	1.91	24.56
06029	30.01	5.05	5.87	57.14
06031	28.06	6.02	4.36	58.77
06033	64.94	1.79	1.62	25.42
06035	63.47	6.27	1.74	21.81
06037	25.27	7.96	16.04	48.59
06039	30.32	3.02	3.17	61.31
06041	67.24	2.5	7.06	19.63
06043	75.6	1.27	1.97	15.4
06045	61.99	0.78	2.44	28.12
06047	23.34	2.92	8.07	63.87
06049	75.12	0.95	1.36	15.82
06051	65.14	0.83	2.27	27.37
06053	27.21	2.18	6.72	62.01
06055	49.19	2	9.44	36.71
06057	82.96	0.63	1.75	10.92
06059	37.4	1.75	23.69	34.22
06061	67.14	2	10.26	15.96
06063	81.92	0.9	1.1	10.56
06065	31.03	6.4	8.06	51.88
06067	40.9	9.62	18.74	24.48
06069	28.88	1.2	5.84	62.53
06071	24.54	8.07	9.28	55.85
06073	43.14	4.69	13.41	34.89
06075	37.47	5.1	37.16	16.38
06077	26.68	7.01	20.44	42.73
06079	66.02	1.53	4.32	25.23
06081	35.55	2.17	33.07	24.84
06083	41.32	1.63	6.04	48.55
06085	27.57	2.44	41.89	24.96
06087	55.19	1	5.4	35.23
06089	76.69	1.12	3.67	12.2
06091	82.03	0.41	1.09	12.31
06093	74.05	1.28	1.89	13.7
06095	33.42	13	17.62	30.13
06097	59.13	1.66	5.05	30.33
06099	36.2	2.78	6.71	50.9
06101	41.66	2.09	18.54	33.47
06103	63.13	0.88	1.59	29.75
06105	81.28	0.54	2.55	6.38
06107	25.87	1.37	4.23	67.02
06109	78.08	1.74	1.7	14.07
06111	42.53	1.8	8.34	44.76
06113	42.91	2.72	16.07	33.39
06115	48.99	4.42	8.94	31.46
08001	45.7	3.64	4.8	43.18
08003	45.59	1.25	1.62	48.72
08005	56.17	11.02	6.92	22
08007	78.04	0.62	1.1	16.82
08009	83.25	0.99	0.42	10.89
08011	56.4	6.44	1.55	33.23
08013	76.17	1.07	5.19	14.74
08014	73.6	1.42	7.64	14.53
08015	84.46	1.79	0.99	10.21
08017	81.12	1.39	2.08	12.68
08019	86.61	1.06	1.31	8.08
08021	46.67	0.72	1.1	49.61
08023	38.29	2.18	1.74	54.08
08025	54.91	10.88	1.42	29.72
08027	90.64	0.98	0.52	5.29
08029	81.84	0.43	0.99	14.57
08031	55.43	9.1	4.36	27.89
08033	84.52	1.63	0.64	8.2
08035	78.32	1.77	6.6	10.42
08037	65.6	0.94	1.48	30.45
08039	85.13	1.28	1.28	9.64
08041	66.69	6	3.42	19.09
08043	78.43	4.14	0.96	13.61
08045	63.6	0.76	0.98	32.78
08047	84.96	1.32	1.74	7.17
08049	85.57	1.14	1.03	10.13
08051	85.79	0.62	1.02	10.21
08053	88.24	1.31	0.78	6.41
08055	64.85	0.98	1.03	30.08
08057	84.34	0.31	0.46	12.38
08059	76.49	1.37	3.37	16.24
08061	87.86	0.58	0.43	8.53
08063	75.29	0.79	0.71	20.6
08065	60.76	0.81	1.05	34.88
08067	78.53	0.53	0.87	12.79
08069	80.31	1.15	2.57	13.12
08071	55.41	1.77	1.62	38.44
08073	75.62	4.64	1.3	15.18
08075	75.89	3.29	1.02	17.54
08077	79.93	0.76	1.17	15.65
08079	90.57	0.42	0.53	6.14
08081	78.52	0.88	0.72	17.3
08083	71.9	0.74	0.9	12.68
08085	74.71	0.55	0.87	21.59
08087	54.85	3.55	0.96	38.99
08089	53.6	0.99	0.95	42.31
08091	89.35	0.37	1	6.82
08093	86.9	0.94	0.97	8.01
08095	69.79	0.74	0.56	27.14
08097	83.48	0.99	2.2	11.71
08099	55.31	0.92	0.67	40.81
08101	51.83	2.03	1.25	42.44
08103	83.53	1.45	0.62	10.98
08105	55.27	0.76	0.62	40.87
08107	87.4	1.05	1.03	9.06
08109	58.3	1.06	1.08	36.3
08111	80.67	0.25	0.75	15.59
08113	83.87	0.57	1.31	11.79
08115	79.03	0.78	1.65	16.7
08117	78.24	1.35	1.76	17.05
08119	86.61	1.03	1.19	7.88
08121	83.42	1.34	0.72	12.21
08123	62.84	1.44	2.19	31.28
08125	66.74	0.54	0.61	30.89
09001	68.8	8.63	4.33	16.04
09003	68.8	8.63	4.33	16.04
09005	68.8	8.63	4.33	16.04
09007	68.8	8.63	4.33	16.04
09009	68.8	8.63	4.33	16.04
09011	68.8	8.63	4.33	16.04
09013	68.8	8.63	4.33	16.04
09015	68.8	8.63	4.33	16.04
10001	56.58	28.51	2.42	8.32
10003	52.89	26.16	6.42	11.89
10005	73.91	10.78	1.48	11.4
11001	37.65	42.68	4.91	12
12001	58.76	19.48	6.39	12.63
12003	79.61	12.68	0.92	4.28
12005	73.35	11.19	2.43	9.32
12007	74.26	17.4	0.68	5.16
12009	71.59	10.24	2.83	12.52
12011	32.49	28.57	4.06	33.05
12013	77.69	12.46	0.96	5.52
12015	82.79	5.49	1.59	8.31
12017	85.93	3.06	1.63	7.25
12019	68.49	13.12	3.33	11.73
12021	62.53	6.58	1.73	28.01
12023	71.16	17.1	1.15	7.97
12027	55.85	11.91	0.68	30.1
12029	82.78	8.93	0.54	4.99
12031	49.72	29.45	5.2	12.62
12033	63.17	22.08	3.47	7.02
12035	73.68	9.55	2.63	11.92
12037	81.55	9.77	0.57	5.61
12039	31.84	53.65	0.69	12.46
12041	85.89	3.56	0.62	7.84
12043	55.12	14.13	0.9	25.62
12045	77.58	13.56	0.66	5.21
12047	55.88	28.81	0.87	11.6
12049	46.85	7.6	1.35	42.48
12051	29.04	10.13	1.2	57.73
12053	72.69	5.75	1.58	17.76
12055	63.97	9.82	1.64	22.7
12057	45.83	16.43	4.91	30.39
12059	85.2	6.54	0.75	3.94
12061	73.8	8.58	1.83	14.06
12063	65.51	25.22	0.7	5.64
12065	61.58	30.24	0.78	5.38
12067	74.7	10.79	0.4	11.76
12069	64.6	11.32	2.6	19.34
12071	63.25	8.17	1.88	25.08
12073	54.11	31.3	3.79	8.27
12075	77.24	8.95	0.95	10.53
12077	71.53	17.35	0.64	7.72
12079	55.72	35.16	0.5	6.4
12081	69.11	8.16	2.64	18.21
12083	65.99	12.39	1.92	17.6
12085	75.97	5.03	1.65	15.8
12086	13.88	14.47	1.76	69.14
12087	65.02	6.81	1.5	24.79
12089	84.36	6.29	1.26	6.02
12091	70.89	9.67	3.36	11.41
12093	62.79	7.67	0.93	26.4
12095	38.21	19.92	5.99	33.78
12097	28.16	10.74	3.44	56.06
12099	51.79	18.91	3.18	24.51
12101	67.59	6.86	3.93	19.19
12103	72.32	10.18	3.78	11.35
12105	50.56	15.01	2.1	30.28
12107	70.4	15.11	0.76	11.4
12109	78.77	5.17	4.42	9.3
12111	51.57	21.97	2.06	22.31
12113	80.21	6.1	2.4	7.06
12115	81.29	4.24	2.17	10.67
12117	55.51	12.09	5.73	24.26
12119	84.34	6.52	1.26	6.58
12121	73.33	11.61	0.73	12.1
12123	73.6	18.13	0.86	4.31
12125	71.94	19.63	0.73	5.29
12127	68.2	10.7	2.11	16.78
12129	77.91	13.5	0.68	4.94
12131	82.25	4.78	1.37	8.55
12133	77.91	12.96	0.77	4.11
13001	67.75	18.49	0.95	11.05
13003	53.21	15.12	1.18	28.59
13005	71.79	16.86	1.04	8.42
13007	48.67	41.27	1.71	6.02
13009	51.85	41.75	1.68	3.05
13011	85.48	3.39	1.55	7.56
13013	62.14	14.94	4.36	16.28
13015	74.15	11.28	1.32	10.89
13017	53.5	37.06	0.83	6.82
13019	78.94	11.38	1.14	6.38
13021	34.61	56.59	2.23	4.8
13023	68.86	24.53	1.22	3.73
13025	90.72	4.08	0.37	2.51
13027	55.27	34.31	1.31	7.25
13029	70.45	15.21	2.62	8.45
13031	62.09	28.87	1.38	5.2
13033	48.2	45.22	0.65	3.61
13035	64.65	28.23	0.72	4.14
13037	32.53	62.51	1.1	2.36
13039	68.84	17.88	1.76	8.01
13043	59.77	24.66	1.2	13.14
13045	67.22	20.19	1.17	8.78
13047	88.33	3.33	1.61	4.3
13049	55.05	25.01	0.87	15.26
13051	46.36	39.78	3.23	8.23
13053	55.06	18.35	3.49	18.32
13055	81.72	9.62	0.62	5.68
13057	74.83	7.66	2.84	12.51
13059	55.11	26.75	4.13	11.83
13061	36.7	58.25	1.82	1.79
13063	7.81	70.58	5.12	14.46
13065	64.45	27.25	0.55	4.61
13067	48.3	28.16	5.87	15.13
13069	55.94	27.79	0.87	13.6
13071	53.36	23.25	1.15	20.86
13073	63.25	20.32	4.79	8.14
13075	61.3	27.74	0.8	7.92
13077	67.01	19.69	2.52	8.42
13079	72.18	20.52	0.77	4.16
13081	48.49	44.92	1.04	3.76
13083	91.76	1.63	1.01	3.21
13085	86.46	1.85	2.01	7.79
13087	48.79	42.06	0.7	7.02
13089	28.67	52.28	6.47	10.39
13091	63.77	29.86	0.65	3.78
13093	41.52	47.54	0.98	8.69
13095	22.75	71.28	0.88	3.45
13097	30.28	52.62	1.68	12.67
13099	43.01	52.01	0.73	2.25
13101	58.99	6.28	1.02	30.44
13103	73.27	15.8	1.3	7.13
13105	63.13	27.61	1.4	6.27
13107	58.39	34.4	0.74	4.88
13109	54.61	29.89	1.3	12.64
13111	92.87	0.96	0.73	3.59
13113	56.28	27.06	5.4	8.88
13115	69.03	14.42	1.66	12.73
13117	61.62	4.56	21.8	10.04
13119	80.97	9.05	2.11	5.75
13121	37.46	44.01	8.17	8.16
13123	83.94	1	0.84	12.67
13125	86.56	8.46	0.34	2.2
13127	62.77	25.48	1.87	7.82
13129	75.52	4.39	1.67	16.54
13131	55.57	28.18	0.93	13.73
13133	61.06	28.91	1.27	7.2
13135	30.33	29.34	14.09	23.76
13137	75.67	3.85	2.3	16.34
13139	58.39	7.92	2.8	29.38
13141	28.09	68.58	1.04	1.06
13143	89.39	5.19	0.83	2.28
13145	74.67	16.16	1.36	5.21
13147	74.31	17.79	1.49	4.49
13149	83.95	9.64	0.61	3.12
13151	30.72	54.72	3.42	8.51
13153	51.41	34.39	3.27	7.68
13155	66.07	24.01	0.9	7.45
13157	75.17	8.52	2.86	11.54
13159	75.81	16.46	0.5	5.13
13161	68.24	14.94	0.81	13.99
13163	43.19	50.75	0.78	3.8
13165	51.66	41.16	1.24	4.35
13167	61.87	34.6	0.48	1.47
13169	69.3	25.8	0.69	2.37
13171	66.61	26.65	0.82	3.72
13173	64.69	22.5	1.46	8.02
13175	56.27	37.35	1.07	3.48
13177	66.15	25.79	2.69	3.5
13179	37.02	42.74	2.25	13.16
13181	69.43	26.02	0.52	1.61
13183	52.84	27.88	1.16	13.23
13185	50.89	37.21	2.03	7.34
13187	88.81	1.91	1.02	6.15
13189	53.33	40.24	0.64	3.6
13191	63.78	30.55	0.68	2.72
13193	33.37	58.92	1.7	4.76
13195	77.96	10.14	2.3	7.6
13197	59.11	28.56	1.41	8.02
13199	57.86	35.85	0.75	3.2
13201	65.96	27.75	0.66	3.51
13205	46.05	45.8	0.89	5.53
13207	72.14	21.93	1.12	3.06
13209	64.59	25.43	0.73	7.73
13211	73.98	19.49	0.74	3.94
13213	80.06	1.15	0.67	16.68
13215	37.16	47.9	3	8.7
13217	38.14	50.69	1.43	7.35
13219	82.84	4.68	4.8	5.95
13221	73.09	15.74	1.4	7.19
13223	60.77	25.71	1.63	9.15
13225	43.32	44.01	1.08	9.41
13227	91.85	1.38	0.77	4.2
13229	82.34	9.16	0.67	5.41
13231	86.28	8.58	0.58	2.53
13233	70.94	12.07	0.78	13.98
13235	60.46	31.69	1.22	4.31
13237	65.31	25.37	0.67	7
13239	49.39	45.18	0.31	2.76
13241	86.89	1.34	1.01	8.73
13243	35.83	59.77	0.58	2.52
13245	31.5	57.96	1.73	5.88
13247	22.96	61.62	1.82	11.14
13249	71.76	20.06	1.04	5.06
13251	56.02	38.73	0.61	2.72
13253	62.07	32.28	0.81	3.17
13255	53.25	36.93	1.1	6.51
13257	81.34	10.33	0.94	4.25
13259	26.53	44.8	4.43	22.08
13261	38.51	52.19	1.5	6.36
13263	41.12	52.47	0.38	3.59
13265	39.47	50.34	1.74	5.47
13267	58.22	28.31	0.76	10.89
13269	58.69	35.27	1.17	2.93
13271	50.98	34.22	0.84	12.58
13273	36.89	57.87	0.57	2.87
13275	57.21	35.88	0.97	4.11
13277	53.31	30.42	1.58	13.3
13279	58.43	26.64	0.89	12.23
13281	93.16	1.12	0.91	3.34
13283	63.4	31	0.63	2.81
13285	54.1	36.48	2.42	4.81
13287	53.53	38.89	0.93	4.96
13289	55.38	39.45	0.44	2.17
13291	92.69	1.09	0.59	3.96
13293	66.66	27.72	0.65	2.86
13295	89.3	4.69	0.85	3.04
13297	67.19	21.56	1.95	7.16
13299	61.39	29.83	1.16	5.22
13301	39.91	55.27	0.86	1.82
13303	41.85	53.72	0.67	2.24
13305	70.42	19.35	1.36	6.42
13307	50.83	43.39	0.73	3.04
13309	57.17	35.97	0.4	4.77
13311	91.01	2.14	0.66	3.92
13313	55.66	3.66	1.79	37.55
13315	58.9	34.35	0.88	3.95
13317	51.94	39.25	1.2	5.05
13319	57.27	36.74	0.5	3.3
13321	66.27	28.21	0.85	2.73
15001	31.03	0.82	20.43	11.88
15003	17.53	2.49	42.81	9.6
15005	23.46	0	8.64	22.22
15007	29.15	0.69	30.24	10.62
15009	30.09	0.78	28.88	10.7
16001	82.21	1.32	3.09	10.09
16003	88.42	0.24	0.9	5.43
16005	81.87	0.88	1.85	10.13
16007	92.95	0.37	0.5	4.06
16009	84.86	0.59	0.51	3.95
16011	74.68	0.41	0.84	17.84
16013	74.96	0.36	1.33	22.1
16015	88.55	0.9	1.49	5.33
16017	91.46	0.32	0.92	4.13
16019	81.02	0.6	1.34	14.66
16021	87.98	0.63	2.07	5.58
16023	88.8	0.44	0.29	7.47
16025	86.69	0.32	0.41	8.52
16027	69.02	0.76	1.3	26.01
16029	91.41	0.33	0.46	5.89
16031	66.87	0.4	0.82	30.07
16033	58.55	2.37	0.87	35.21
16035	88.72	0.62	0.86	4.93
16037	91.33	0.4	0.55	4.69
16039	71.51	2.5	3.29	18.32
16041	89.99	0.37	0.29	7.58
16043	84.4	0.44	0.56	12.67
16045	85.66	0.4	1.16	9.9
16047	65.2	0.4	0.87	31.42
16049	89.91	0.56	0.7	4.01
16051	86.11	0.28	0.54	11.2
16053	57.8	0.39	0.56	39.59
16055	88.94	0.43	1.12	5.89
16057	87.9	0.77	2.45	5.1
16059	92.48	0.4	0.43	4.3
16061	83.74	0.78	1.58	4.15
16063	64.17	0.44	0.7	32.18
16065	84.75	1.01	1.75	9.72
16067	59.86	0.45	0.78	37.17
16069	86.26	0.55	0.97	4.62
16071	92.57	0.59	0.63	4.26
16073	70.04	0.5	0.72	24.91
16075	77.15	0.45	1.03	18.2
16077	60.95	0.44	0.67	34.22
16079	90.19	0.71	0.75	4.33
16081	80.3	0.31	0.84	17.08
16083	76.79	0.85	1.63	18.34
16085	91.07	0.45	0.8	5.37
16087	78.96	0.67	1.02	16.29
17001	90.48	4.04	0.91	2.11
17003	62.68	31.14	0.26	2.32
17005	86.58	6.54	0.74	3.91
17007	67.98	2.63	1.56	26.33
17009	74.82	18.67	0.37	5.24
17011	85.8	1.11	1.09	10.61
17013	95.58	0.81	0.37	2.06
17015	88.45	3.67	0.73	5.58
17017	69.95	4.21	1.19	23.21
17019	63.72	14.05	10.82	8.21
17021	91.82	2.71	0.74	3.35
17023	95.35	1.06	0.39	1.84
17025	94.82	0.65	0.91	2.25
17027	90.34	3.15	0.67	4.23
17029	88.84	4.08	1.02	3.91
17031	40.64	22.39	8.33	26.96
17033	90.23	4.82	0.63	2.78
17035	95.64	0.67	0.72	1.38
17037	71.27	8.87	2.88	14.92
17039	92.86	1.14	0.54	3.55
17041	88.15	0.88	0.83	8.64
17043	63.06	5.19	13.61	16.29
17045	95.67	0.86	0.44	1.72
17047	95.24	0.64	0.65	1.56
17049	94.82	0.64	0.81	2.73
17051	88.51	6.74	0.4	3.01
17053	90.55	1.42	0.57	5.44
17055	94.93	0.78	0.4	2.17
17057	91.88	3.76	0.34	2.6
17059	94.86	1.07	0.34	1.63
17061	96.88	0.75	0.26	1.01
17063	82.83	2.33	1	12.4
17065	95.27	0.81	0.67	1.59
17067	94.53	1.01	0.33	2.6
17069	93.22	1.57	0.5	1.93
17071	94.53	0.62	0.59	2.23
17073	88.71	1.88	0.5	7.19
17075	87.93	1.37	0.64	8.51
17077	72.69	15.18	3.58	5.27
17079	96.7	0.59	0.36	1.44
17081	85.3	8.03	1.16	3
17083	94.72	0.87	0.88	1.65
17085	92.55	0.91	0.65	4.33
17087	81.4	12.52	0.35	4.46
17089	54.93	5.25	4.93	33.49
17091	69.11	14.73	1.06	13
17093	61.8	8.8	4.35	23.14
17095	81.18	8.33	1.02	6.55
17097	56.87	6.85	9.4	25.13
17099	83.28	2.69	1.07	11.48
17101	84.24	9.91	0.61	3.9
17103	84.19	5.51	0.94	7.77
17105	87.83	3.75	0.72	6.09
17107	86.42	7.42	0.68	3.64
17109	85.93	5.98	2.44	3.61
17111	76.91	1.77	3.35	16.44
17113	76.78	8.83	5.19	6.57
17115	73.63	18.34	1.34	2.96
17117	95.29	1.27	0.45	1.43
17119	82.5	9.52	1.1	4.4
17121	90.32	4.35	0.64	2.35
17123	93.01	0.98	0.54	3.91
17125	95.12	0.76	0.77	1.64
17127	87.11	6.35	0.57	2.91
17129	94.67	1.21	0.47	1.74
17131	93.37	0.87	0.58	3.79
17133	95.49	0.63	0.62	2.01
17135	92.18	3.8	0.55	2.24
17137	87.32	6.39	0.83	3.04
17139	95.64	0.92	0.36	1.79
17141	84.48	1.27	0.71	12.12
17143	67.11	19.08	4.37	6.15
17145	85.26	8.25	0.7	3.81
17147	95.3	0.94	0.59	1.57
17149	95.22	1.03	0.31	2.23
17151	91.77	3.21	0.54	1.83
17153	62.33	29.14	0.53	4.05
17155	90.83	0.65	0.58	6.67
17157	85.63	8.15	0.76	3.98
17159	94.46	0.99	0.83	2.06
17161	68.11	11.74	2.72	14.45
17163	60.09	30.2	1.62	5.17
17165	91.51	3.13	0.63	2.25
17167	77.88	13.81	2.38	3.01
17169	90.32	5.32	0.34	3.04
17171	95.67	0.66	0.25	1.3
17173	96.37	0.63	0.38	1.34
17175	93.23	1.38	0.63	3.03
17177	79.9	9.76	0.89	5.87
17179	92.8	1.64	0.95	2.82
17181	89.76	2.15	0.56	5.39
17183	76.77	13.86	0.85	5.79
17185	93.57	1.22	1.61	2.01
17187	81.65	2.84	2.24	11.09
17189	95.17	1.33	0.48	1.63
17191	95.13	0.67	0.74	2.23
17193	95.6	0.67	0.51	1.74
17195	82.58	1.63	0.74	13.48
17197	58.91	12.31	6.92	20.16
17199	88.13	5.06	1.44	3
17201	64.35	13.68	3.01	16.05
17203	94.53	0.85	0.86	2.16
18001	92.8	0.71	0.4	4.87
18003	70.45	11.42	5.64	9.2
18005	78.68	2.35	7.33	9.53
18007	89.54	1	0.3	7.13
18009	93.41	0.99	0.54	2.61
18011	85.92	3.36	4.35	4.44
18013	94.64	0.79	0.63	1.97
18015	93.05	0.82	0.28	4.67
18017	75.2	2.15	2.09	18.87
18019	80.24	8.43	1.36	7
18021	94.95	0.87	0.34	2.07
18023	77.61	0.9	0.54	19.8
18025	95.38	0.67	0.27	1.75
18027	89.02	2.2	0.48	6.61
18029	95.54	0.82	0.48	1.62
18031	93.91	0.72	1.43	2.58
18033	94.05	0.65	0.59	3.22
18035	85.12	7.26	1.46	3.32
18037	87.38	0.76	0.85	10.17
18039	70.62	5.38	1.29	20.38
18041	95.17	1.39	0.45	1.55
18043	85.93	5.56	1.39	4.41
18045	93.85	0.74	0.53	3.21
18047	96.5	0.44	0.75	1.26
18049	91.31	0.81	0.69	5.54
18051	91.72	2.51	0.71	2.5
18053	82.78	7.48	0.96	5.74
18055	95.41	0.41	0.45	2.24
18057	79.5	5.04	7.44	5.74
18059	87.72	4.74	1.51	3.87
18061	94.31	0.84	0.65	2.45
18063	76.56	11.94	3.72	5.45
18065	92.51	2.86	0.49	2.39
18067	82.98	8.04	1.35	4.26
18069	93.43	0.94	0.73	3.24
18071	80	1.17	3.01	14.48
18073	89.84	0.66	0.46	7.7
18075	92.99	0.58	0.44	4.5
18077	91.83	1.93	0.94	3.54
18079	93.44	0.78	0.38	3.56
18081	83.64	3.57	6.21	4.4
18083	90.55	3.17	1.15	3.11
18085	86.07	1.1	1.42	9.86
18087	93.62	0.49	0.36	4.62
18089	51.9	23.31	1.77	21.27
18091	77.73	11.09	0.67	7.8
18093	94.95	0.57	0.64	2.1
18095	82.63	8.6	0.74	5.69
18097	49.86	28.9	4.35	13.86
18099	84.93	0.75	0.72	12.07
18101	95.86	0.53	0.61	1.61
18103	87.73	4.98	0.49	3.91
18105	81.47	3.77	6.96	4.94
18107	90.08	1.11	0.88	6.34
18109	94.04	1.35	0.77	2.33
18111	88.39	1.04	0.57	8.49
18113	85.43	0.93	0.55	11.59
18115	95.69	0.87	0.32	1.57
18117	94.25	1.58	0.41	1.91
18119	95.18	0.72	0.55	1.68
18121	94.51	2.06	0.21	1.69
18123	92.72	3.21	0.91	1.73
18125	95.66	0.76	0.47	1.73
18127	80.04	4.68	1.54	11.98
18129	95.03	1.17	0.63	1.59
18131	91.97	0.89	0.82	4.53
18133	90.88	3.59	1.29	2.37
18135	91.65	0.72	0.45	5.44
18137	95.2	0.56	0.75	2.08
18139	95	1.01	0.43	1.97
18141	69.58	13.28	2.84	10.85
18143	94.34	0.6	0.91	2.8
18145	89.99	1.55	1.1	5.74
18147	93.52	0.85	0.4	3.69
18149	93.14	0.63	0.43	4.39
18151	92.29	0.89	0.82	4.51
18153	91.13	4.96	0.31	1.97
18155	95.36	1.14	0.41	1.63
18157	72.47	6.33	8.34	10.43
18159	93.41	0.77	1	3.44
18161	95.02	1.2	0.36	1.38
18163	80.93	10.3	1.38	3.9
18165	95.56	0.73	0.31	1.65
18167	84.83	6.8	2.14	3.27
18169	93.22	0.92	0.58	3.27
18171	94.92	0.42	0.55	2.38
18173	90.58	2.09	2.76	2.54
18175	95.82	0.7	0.32	1.64
18177	86.32	4.89	1.17	4.03
18179	92.68	1	0.62	4.14
18181	86.33	0.65	0.7	10.91
18183	94.08	0.59	0.55	2.95
19001	93.54	0.99	0.54	3.34
19003	95.15	0.99	0.79	1.75
19005	87.33	1.68	0.6	9.27
19007	94.31	0.75	0.89	2.24
19009	94.67	0.72	0.6	2.78
19011	94.94	0.88	0.55	2.02
19013	78.72	9.55	2.74	5.32
19015	93.58	1.22	0.56	3.1
19017	93.78	1.4	1.22	2.06
19019	95.22	0.9	0.56	1.95
19021	52.17	3.67	9.98	29.56
19023	94.9	0.43	1.32	1.96
19025	92.24	2.81	0.45	2.83
19027	93.14	1.3	0.63	3.73
19029	93.53	0.56	0.46	2.7
19031	94.12	0.93	0.7	2.74
19033	88.37	2.02	1.19	5.73
19035	90.73	1.3	0.93	5.33
19037	93.54	0.63	0.36	4.44
19039	78.68	1.21	1.03	17.23
19041	91.68	1.05	0.86	4.94
19043	95.3	0.72	0.31	2.34
19045	89.72	3.11	0.71	3.75
19047	62.31	2.85	2.64	31.04
19049	82.32	3.65	5.15	6.98
19051	95.29	0.2	0.49	2.57
19053	91.47	1.81	0.93	3.84
19055	95.92	1.01	0.38	1.77
19057	85.39	6.36	1.39	3.85
19059	93.77	0.87	1.1	2.88
19061	88.87	3.67	1.35	3.36
19063	86.13	1.24	0.75	10.28
19065	92.4	1.48	1.17	3.21
19067	90.38	2.56	1.72	3.97
19069	80.92	0.83	0.63	16.29
19071	93.14	0.9	0.43	3.52
19073	93.03	0.69	0.7	3.49
19075	95.61	0.62	0.37	1.99
19077	93.86	0.87	0.52	3.16
19079	84.86	1.03	2.36	9.91
19081	91.3	0.83	0.66	5.88
19083	90.03	1.56	1.02	5.99
19085	95.27	0.58	0.42	2.19
19087	87.98	2.45	2.17	5.51
19089	94.17	0.77	0.49	3.41
19091	91.23	0.92	0.59	5.95
19093	92.57	0.6	0.76	4.36
19095	93.77	0.71	0.58	3.67
19097	94.52	0.9	0.44	1.7
19099	92.47	2.16	0.68	3.15
19101	83.91	2.03	7.76	4.13
19103	75.87	8.46	6.17	6.79
19105	92.65	2.91	0.58	2.67
19107	94.82	0.83	0.36	2.27
19109	92.48	0.91	0.63	4.64
19111	90.69	2.69	0.67	3.51
19113	83.26	6.8	2.53	4.19
19115	77.4	1.65	3.2	16.47
19117	94.5	0.54	0.53	3.26
19119	93.14	0.37	0.48	4.07
19121	94.75	0.49	0.87	2.44
19123	92.02	1.86	1.89	2.66
19125	93.83	0.96	1.38	2.29
19127	65.98	2.1	4.14	25.46
19129	92.72	0.66	0.44	4.03
19131	95.34	0.61	0.65	2.6
19133	92.41	0.69	0.31	2.8
19135	94.83	0.89	0.49	2.19
19137	93.09	0.85	0.46	3.97
19139	75.52	2.68	0.99	19.18
19141	88.24	1.25	0.85	7.83
19143	84.73	1.09	0.85	10.86
19145	90.58	2.57	1.18	3.48
19147	92.36	1.42	1.04	3.56
19149	87.94	2.17	0.73	6.78
19151	88.73	1.03	0.59	6.29
19153	74.01	7.64	5.16	10.55
19155	85.14	1.92	1.04	9.49
19157	90.93	1.51	1.86	3.84
19159	94.38	0.69	1.1	2.39
19161	91.95	0.61	0.66	4.71
19163	77.97	8	3.21	7.56
19165	91.68	0.82	0.58	4.75
19167	83.17	0.56	0.94	14.48
19169	82.61	2.98	7.37	5.19
19171	78.35	1.01	0.49	12.12
19173	88.76	0.35	0.47	8.93
19175	92.14	1.47	0.84	4.16
19177	95.83	0.28	0.61	1.97
19179	75.88	3.82	2.14	13.52
19181	92.39	1.09	0.85	3.96
19183	88.91	1	0.67	7.93
19185	95.78	0.63	0.66	1.43
19187	84.68	4.55	1.16	6.72
19189	89.32	1.6	1.08	6.15
19191	94.02	0.8	1.1	3.18
19193	67.49	5.33	3.01	19.52
19195	93.05	0.99	0.7	3.67
19197	76.79	0.78	0.56	20.31
20001	88.94	1.9	0.96	4.34
20003	92.74	1.07	0.69	2.65
20005	87.64	4.23	0.68	3.86
20007	90.99	0.96	0.69	4.25
20009	79.26	1.31	0.39	16.82
20011	89.09	2.98	1.15	3.35
20013	82.75	1.68	0.93	4.8
20015	86.52	2.26	1.69	6.14
20017	86.39	1.82	0.35	8.61
20019	82.31	1.43	0.27	5.44
20021	86.4	1.03	0.64	2.95
20023	87.14	0.64	1.21	9.33
20025	80.18	0.38	1.57	14.08
20027	91.1	1.71	0.62	3.87
20029	91.12	1.5	0.96	3.92
20031	91.56	0.86	0.98	4.06
20033	89.55	0.42	0.42	7.49
20035	77.69	2.73	1.95	12.47
20037	84.2	2.15	1.53	7.47
20039	90.82	1.14	0.26	5.13
20041	88.89	1.15	0.62	5.96
20043	88.68	3.02	0.6	3.63
20045	77.44	4.37	4.77	7.26
20047	72.16	1.43	0.29	23.02
20049	88.37	0.45	0.65	4.3
20051	87.71	1.34	1.55	7.39
20053	84.87	5.96	0.63	6.18
20055	36.94	4.02	4.04	53.7
20057	35.06	2.44	1.39	59.79
20059	89.93	1.43	0.59	4.88
20061	56.81	15.49	3.58	17.06
20063	93.05	0.69	0.95	4.17
20065	87.29	3.49	1.6	4
20067	43.36	0.57	0.81	53.73
20069	79.44	0.82	0.66	17.59
20071	79.68	0.51	0.42	17.53
20073	90.49	0.89	0.36	4.28
20075	52.48	0.82	0.33	43.58
20077	87.32	0.83	0.59	7.95
20079	82.06	1.58	1.01	12.31
20081	65.76	0.41	0.99	31.07
20083	82.78	2.24	3.81	8.76
20085	82.77	0.99	0.63	5.95
20087	92.2	0.81	0.35	3.63
20089	94.17	0.49	0.53	3.2
20091	77.33	5.07	5.4	9.43
20093	59.69	0.92	0.97	35.73
20095	91.72	0.52	0.67	4.37
20097	87.74	1.64	2.53	4.97
20099	84.17	3.97	0.42	5.21
20101	83.13	1.05	0.33	12.1
20103	78.48	8.08	1.59	7.78
20105	92.19	0.75	0.58	4.38
20107	91.96	1.15	0.55	3.42
20109	87.58	0.9	1.16	7.32
20111	68.12	1.93	2.31	24.94
20113	89.5	1.54	0.94	5.7
20115	91.19	1.08	0.66	4.29
20117	93.41	0.7	0.44	2.8
20119	73.87	1.76	0.95	21.22
20121	90.9	1.23	0.81	4.35
20123	93.32	0.37	0.66	3.29
20125	78.44	4.46	0.94	8.24
20127	91.23	0.66	0.88	4.44
20129	68.53	1.12	1.63	25.81
20131	94.04	0.77	0.27	2.83
20133	88.55	1.49	0.75	6.16
20135	83	0.88	0.23	13.9
20137	86.08	3.88	1.46	6.1
20139	92.69	0.87	0.42	3.58
20141	92.33	0.67	1.02	3.12
20143	92.8	1.48	0.46	3.44
20145	80.33	5.81	0.69	9.84
20147	92.46	0.55	1.16	3.76
20149	88.51	1.34	0.94	6.25
20151	85.99	1.77	0.87	8.9
20153	88.23	0.61	0.69	8.08
20155	82.72	2.95	0.62	10.57
20157	93.47	0.82	0.65	2.94
20159	80.24	1.58	1.12	14.08
20161	75.33	6.57	4.57	9.64
20163	91.34	2.03	0.71	3.54
20165	91.55	0.64	0.53	5.23
20167	90.18	1.43	0.61	4.27
20169	78.34	3.23	2.27	12.88
20171	75.5	0.57	1.04	21.29
20173	65.84	8.72	4.48	16.74
20175	24.83	2.59	2.4	68.63
20177	72.14	7.62	1.51	14.05
20179	91.37	0.58	0.29	5.9
20181	82.39	1.08	0.63	13.38
20183	93.26	0.47	0.56	2.73
20185	82.27	0.69	0.79	13.84
20187	49.82	0.68	0.37	44.56
20189	58.01	0.79	0.59	38.68
20191	88.14	1.33	0.68	6.13
20193	87.79	1.21	0.69	8.32
20195	93.34	0.59	0.59	3.37
20197	90.01	0.82	0.57	5.16
20199	89.13	1.06	0.2	7.42
20201	92.62	0.55	0.85	4.74
20203	67.24	1.25	0.43	29.49
20205	90.54	0.69	0.54	4.18
20207	92.68	0.61	0.19	2.92
20209	37.09	20.04	5.53	34.31
21001	91.28	2.65	0.67	3.4
21003	93.55	1.38	0.37	2.87
21005	92.28	2.19	0.74	2.84
21007	91.47	3.68	0.5	1.6
21009	88.77	3.91	0.85	4.41
21011	94.68	1.38	0.52	1.93
21013	92.97	2.89	0.46	1.21
21015	83.6	5.22	2.7	5.97
21017	83.9	5.48	0.56	7.85
21019	92.62	2.83	0.65	1.93
21021	83.82	7.93	1.14	4.66
21023	95.51	0.95	0.19	1.48
21025	96.38	0.58	0.62	1.13
21027	93.36	2.28	0.43	1.74
21029	91.6	2.03	0.9	3.51
21031	91.73	0.77	0.52	5.62
21033	90.09	5.42	0.51	1.82
21035	87.87	4.34	1.74	3.7
21037	91.34	2.93	1.2	2.62
21039	91.33	1.74	0.49	3.12
21041	87.68	1.84	0.65	7.43
21043	96.5	0.76	0.31	1.21
21045	93.35	1.14	0.37	3.54
21047	64.16	21.16	1.6	9.05
21049	88.38	4.45	0.78	4.26
21051	92.39	3.9	0.21	2.28
21053	93.47	0.78	0.51	3.56
21055	94.32	1.34	0.33	2.07
21057	92.42	3.22	0.27	2.1
21059	85.97	4.92	2.38	4.21
21061	94.54	1.28	0.48	1.78
21063	92.45	4.25	0.22	1.71
21065	96.24	0.57	0.15	1.61
21067	67.57	15.62	4.44	9.36
21069	94.91	1.6	0.28	1.81
21071	97.01	0.74	0.33	0.95
21073	81.23	9.63	1.86	4.39
21075	68.76	23.97	0.8	2.87
21077	90	1.72	0.56	5.24
21079	92.47	2.23	0.4	2.95
21081	93.38	1.05	0.5	3.39
21083	84.53	3.92	0.61	8.22
21085	95.12	1.27	0.35	1.7
21087	93.61	1.73	0.34	2.08
21089	95.63	0.91	0.61	1.24
21091	95.25	1.17	0.37	1.82
21093	75.06	11.69	2.29	6.63
21095	94.91	1.98	0.49	1.21
21097	93.18	1.99	0.39	2.36
21099	91.39	4.17	0.51	2.19
21101	84.95	8.36	0.62	3.47
21103	89.78	2.72	0.5	4.34
21105	85.92	8.34	0.58	2.7
21107	87.23	6.51	0.73	2.66
21109	96.83	0.63	0.18	1.26
21111	62.54	22.63	3.47	8.5
21113	86.37	4.74	1.51	4.79
21115	96.69	0.44	0.67	1
21117	86.39	4.99	1.45	4.7
21119	96.71	1.03	0.21	1.01
21121	95.17	1.37	0.46	1.35
21123	91.22	2.76	0.39	3.38
21125	95.05	0.88	0.72	1.76
21127	96.54	0.57	0.26	1.14
21129	93.82	3.47	0.32	1.18
21131	97	0.58	0.27	0.89
21133	97	0.76	0.36	0.8
21135	96.99	0.6	0.08	0.86
21137	93.36	2.22	0.32	2.28
21139	93.76	0.87	0.45	2.61
21141	87.71	5.84	0.4	3.83
21143	87.41	8.04	0.53	2.35
21145	81.68	11.01	0.96	3.53
21147	88.89	5.96	0.56	2.5
21149	94.65	1.05	0.34	2.24
21151	88.26	4.35	1.15	3.58
21153	97.54	0.38	0.24	0.63
21155	86.78	6.53	0.91	3.65
21157	95.52	0.6	0.46	2.08
21159	86.53	8.32	0.27	3.46
21161	87.61	5.88	1.06	2.48
21163	88.15	3.78	0.78	4.41
21165	95.72	1	0.24	1.46
21167	90.2	3.38	0.67	3.43
21169	93.79	1.71	0.5	2.63
21171	91.52	2.05	0.34	4.63
21173	91.95	2.44	0.48	3.57
21175	89.3	4.84	1.04	3.36
21177	92.28	3.65	0.34	2.11
21179	89.36	4.93	0.61	2.91
21181	95.25	0.9	0.27	2.64
21183	92.72	1.04	0.38	4.68
21185	86.91	4.1	1.89	5.09
21187	94.51	1.33	0.25	2.62
21189	95.68	0.97	0.1	1.72
21191	95.23	0.98	0.27	1.79
21193	95.12	1.61	0.84	1.04
21195	96.38	0.82	0.59	1.26
21197	95.28	1.2	0.31	1.68
21199	93.02	1.22	0.87	3.23
21201	94.64	1.17	0.09	1.95
21203	96.15	0.49	0.16	1.43
21205	93.54	1.7	0.79	2.4
21207	92.45	0.94	0.6	4.54
21209	84.5	5.8	1.37	5.88
21211	79.04	6.47	0.96	10.9
21213	84.09	8.88	0.94	3.72
21215	93.14	1.84	0.52	2.8
21217	88.3	5.24	0.9	3.12
21219	84.62	7.28	0.35	5.55
21221	87.09	6.98	0.38	2.8
21223	93.41	0.69	0.52	3.1
21225	88.13	7.29	0.56	1.89
21227	74.48	9.62	5.67	7.05
21229	87.71	5.12	0.68	4.39
21231	91.94	1.78	0.42	4.38
21233	86.63	3.72	0.79	6.95
21235	94.86	0.94	0.52	2.05
21237	96.61	0.41	0.24	1.27
21239	85.24	4.66	0.82	7.4
22001	76.6	17.52	0.35	3.48
22003	66.77	20.42	0.72	7.9
22005	63.87	24.69	1.48	8.37
22007	64.89	28.46	0.58	4.18
22009	63.21	28.85	0.55	4.14
22011	80.66	11.08	0.68	4.05
22013	54.42	40.59	0.37	2.35
22015	62.83	24.28	1.87	8.23
22017	42.59	49.85	1.54	3.95
22019	66.27	24.42	1.61	5.35
22021	78.18	16.62	0.44	2.96
22023	88.05	4.19	0.5	4.13
22025	63.63	27.82	0.08	6.39
22027	44.94	48.77	0.65	3.5
22029	55.85	38.87	0.72	2.96
22031	59.45	33.93	0.56	3.32
22033	42.16	45.99	3.53	6.75
22035	27.16	68.62	0.5	2.34
22037	55.16	40.67	0.3	2.05
22039	65.56	26.91	0.58	5.05
22041	65.23	31.24	0.45	1.74
22043	74.65	15.52	0.65	6.21
22045	57.46	31.99	2.59	5.57
22047	46.51	46.31	0.47	5.23
22049	67.75	25.93	0.46	3.51
22051	48.23	26.5	4.49	18.92
22053	77.58	16.09	0.61	2.66
22055	62.57	26.86	2.11	6.54
22057	74.83	13.7	0.89	5.88
22059	75.83	12.41	0.42	9.03
22061	53.36	39.7	1.36	3.77
22063	80.62	10.31	0.85	6.58
22065	32.94	62.51	0.32	2.79
22067	47.76	48.15	0.58	1.85
22069	51.66	40.52	0.8	3.88
22071	30.96	56.12	3.09	8.12
22073	56.12	37.61	1.07	3.7
22075	60.01	20.99	4.77	10.05
22077	60.45	33.98	0.42	3.64
22079	60.1	31.62	1.4	4.27
22081	55.08	39.61	0.29	2.99
22083	60.46	35.24	0.39	2.35
22085	67.49	16.23	0.42	3.63
22087	55.59	25.3	2.38	13.96
22089	63.71	24.79	1.2	8.36
22091	45.16	50.19	0.22	2.79
22093	49.79	46.66	0.42	2.06
22095	29.67	57.93	1.15	9.57
22097	52.99	41.52	0.51	3.18
22099	63.96	29.34	0.96	3.76
22101	54.42	30.38	1.56	9.91
22103	73.38	14.51	1.64	8.22
22105	61.14	30.34	0.79	5.91
22107	41.34	53.83	0.32	2.52
22109	64.86	18.2	1.21	7.27
22111	69.39	22.89	0.39	5.93
22113	77.08	14.29	2.13	4.6
22115	70.51	13.14	1.92	9.52
22117	64.02	30.19	0.36	3.39
22119	61.65	33.25	0.58	2.45
22121	52.29	41.04	0.73	4.44
22123	79.3	14.45	0.4	3.83
22125	50.82	42.96	0.85	4.06
22127	61.01	28.21	0.26	7.82
23001	88.17	5.72	1.05	2.32
23003	93.09	1.02	0.61	1.85
23005	88.44	3.87	2.56	2.88
23007	94.6	0.67	0.61	1.78
23009	93.6	1.19	1.33	1.96
23011	93.18	0.86	1.05	2.34
23013	94.29	0.87	0.66	2
23015	95.11	0.8	0.82	1.47
23017	94.67	0.6	0.67	1.77
23019	92.49	1.09	1.26	2.18
23021	93.7	0.66	1.21	2.09
23023	93.91	0.98	1.04	2.1
23025	94.85	0.65	0.53	1.68
23027	95.1	0.56	0.65	1.69
23029	88.87	0.74	0.59	2.68
23031	92.73	1.39	1.55	2.32
24001	86.34	7.71	1.19	2.07
24003	62.06	19.2	4.72	10.73
24005	51.58	31.11	6.55	7.95
24009	74.62	13.97	2.09	5.5
24011	73.39	13.24	1.31	9.4
24013	85.34	4.33	2.73	5.31
24015	81.69	8.18	1.55	5.69
24017	31.46	52.65	3.54	8.25
24019	61.28	28.42	1.15	6.37
24021	65.42	11.56	6.74	13.2
24023	95.58	1.14	0.54	1.47
24025	72.22	15.58	3.32	5.91
24027	46.38	20.76	20.46	8.85
24029	76.98	13.45	1.5	5.95
24031	40.63	19.32	16.11	21.1
24033	10.98	59.86	4.32	22.76
24035	84.67	5.92	1.42	5.67
24037	71.35	15.53	3.02	6.27
24039	51.28	39.97	0.99	4.7
24041	74.47	12.23	1.63	9.64
24043	72.9	13.16	2.19	8.44
24045	59.18	27.14	3.26	7.22
24047	79.9	12.23	1.7	4.02
24510	26.6	59.93	2.86	8.2
25001	88.51	3.66	1.77	3.76
25003	86.32	3.42	1.86	5.91
25005	77.77	6.74	2.69	10.43
25007	86.59	5.11	1.34	3.4
25009	66.19	3.73	4.16	24.47
25011	88.72	1.49	1.85	5.54
25013	59.71	8.12	2.83	27.41
25015	81.54	3	5.66	7.46
25017	68.13	5.49	14.66	9.39
25019	69.49	9.66	1.81	17.05
25021	70.33	8.08	13.39	6.01
25023	79.11	11.84	1.82	5.04
25025	45.01	19.42	9.89	23.4
25027	72.71	5.5	5.74	13.94
26001	94.53	0.8	0.5	1.74
26003	82.49	7.61	0.51	1.83
26005	87.07	1.35	0.96	8.37
26007	94.72	0.7	0.57	1.71
26009	94.06	0.51	0.37	2.22
26011	93.38	0.65	0.38	2.38
26013	72.14	7.79	0.41	1.97
26015	92.54	0.86	0.64	3.78
26017	88.89	1.85	0.65	6.01
26019	93.25	0.75	0.62	2.54
26021	74.66	13.57	2.15	6.42
26023	87.77	2.48	0.73	7.01
26025	75.91	10.89	2.79	6.08
26027	85.66	4.75	0.88	4.6
26029	93.18	0.59	0.68	2.23
26031	90.96	0.99	0.46	1.87
26033	69.13	6.06	0.7	2.32
26035	94.04	0.85	0.31	2.38
26037	88.4	1.95	1.77	5.33
26039	93.67	0.77	0.75	2.44
26041	91.84	0.47	0.55	1.53
26043	94	0.55	0.83	2.06
26045	81.05	6.99	2.48	6.47
26047	90.8	0.77	0.63	2.17
26049	71.27	19.89	1.14	4.36
26051	94.99	0.56	0.45	2.32
26053	91.42	0.79	0.49	2.09
26055	91.88	0.83	0.92	3.46
26057	83.76	6.24	0.58	7.72
26059	93.84	0.67	0.49	2.91
26061	92.44	1.01	2.57	1.88
26063	94.25	0.73	0.65	2.9
26065	68.41	11.73	6.67	8.73
26067	86.46	5.47	0.49	5.45
26069	92.69	0.87	0.78	2.97
26071	93.28	0.73	0.48	2.38
26073	84.18	2.53	1.63	5.24
26075	83.8	7.76	0.87	4.17
26077	75.74	11.32	2.97	6.07
26079	93.16	0.84	0.75	2.41
26081	71.88	9.91	3.51	11.7
26083	95.81	0.32	0.23	1.61
26085	76.75	9.7	0.35	9.09
26087	90.82	1.39	0.73	5.2
26089	90.18	0.57	0.68	4.36
26091	85.7	2.25	0.51	9.11
26093	93.59	0.69	1.05	2.95
26095	75.66	13.05	0.26	2.08
26097	71.89	4.11	1.08	2.62
26099	74.74	13.85	5.24	3.26
26101	88.44	3.41	0.42	3.65
26103	91.54	1.5	0.82	2.09
26105	90.52	0.88	0.88	5.07
26107	90.63	2.35	0.84	3.07
26109	91.57	0.85	0.51	2.68
26111	90.53	1.36	2.21	3.59
26113	93.14	0.56	0.61	3.53
26115	89.66	2.91	0.71	4.54
26117	88.65	4.26	0.45	4.52
26119	94.5	0.57	0.42	1.94
26121	75.8	13.26	0.7	6.41
26123	89.42	1.1	0.53	6.34
26125	69.97	13.65	8.75	5.15
26127	80.87	1.01	0.35	15.56
26129	93.76	0.7	0.81	2.27
26131	93.41	0.46	0.71	1.95
26133	93.36	1.07	0.4	2.28
26135	93.82	0.73	0.43	2.28
26137	93.63	0.7	0.68	2.15
26139	82.91	1.78	2.93	10.4
26141	94.8	0.62	0.65	1.84
26143	94.25	0.62	0.74	2.06
26145	68.5	18.18	1.29	9.34
26147	90.5	2.41	0.61	3.8
26149	84.47	2.38	0.72	9.56
26151	92.92	0.62	0.44	4.38
26153	83.95	0.58	0.36	1.84
26155	93.67	0.68	0.54	3.14
26157	92.58	1.24	0.39	3.89
26159	79.89	3.35	0.76	12.8
26161	68.9	11.97	9.6	5.82
26163	48.74	37.55	3.68	7
26165	93	0.8	0.69	2.84
27001	93.77	0.48	0.32	1.47
27003	74.79	9.42	6.37	6
27005	86.47	0.65	0.6	2.11
27007	71.37	0.77	0.83	2.57
27009	86.18	5.8	1.28	3.8
27011	93.71	0.72	0.53	2.88
27013	84.87	5.2	2.57	4.84
27015	92.28	0.57	0.75	5.33
27017	87.46	1.92	0.71	2.06
27019	86.49	2.28	4.02	5.15
27021	83.82	0.48	0.49	1.99
27023	82.42	0.9	1.4	10.61
27025	90.81	1.54	2.34	3.06
27027	83.96	5.49	1.37	5.08
27029	84.58	0.71	0.39	1.09
27031	83.51	1.58	0.98	3.4
27033	79.52	1.33	4.72	12.3
27035	94.28	0.8	0.54	1.71
27037	73.3	8.99	5.72	8.83
27039	90.67	0.82	0.87	5.43
27041	94.67	0.7	0.74	2.41
27043	88.41	0.89	0.5	8.46
27045	95.31	0.63	0.72	2.05
27047	81.87	1.4	4.1	10.82
27049	90.7	1.43	0.81	4.18
27051	93.42	0.8	0.36	2.8
27053	66.46	14.31	7.61	7.85
27055	94.86	0.79	1	1.6
27057	91.57	0.48	0.53	2.83
27059	91.23	1.15	2.02	2.68
27061	91.58	0.53	0.35	1.59
27063	89.53	1.06	1.92	5.22
27065	93.52	0.69	0.97	1.96
27067	76.42	6.02	1.54	14.64
27069	93.42	1.03	0.71	2.91
27071	92.22	0.76	0.66	1.58
27073	92.82	0.63	0.89	3.71
27075	94.49	0.55	0.56	1.73
27077	91.87	0.93	1.64	1.91
27079	89.75	0.88	0.83	6.85
27081	94.4	0.38	0.71	2.72
27083	81.49	3.17	5.48	8.06
27085	88.94	0.85	0.89	7.77
27087	45.02	0.49	0.06	3.96
27089	92.19	0.67	0.41	4.84
27091	88.98	0.71	0.83	7.72
27093	93.13	0.57	0.49	4.54
27095	88.79	0.7	0.76	2.53
27097	95.45	0.66	0.44	1.95
27099	73.38	3.92	6.32	13.67
27101	90.43	0.42	2.03	5.39
27103	86.31	4.35	1.54	5.62
27105	53.12	4.36	6.79	34.66
27107	87.68	0.73	0.74	5.93
27109	76.26	7.98	6.84	6.1
27111	92.01	1.48	0.55	3.87
27113	88.9	1.04	1.32	4.94
27115	88.34	2.24	1.1	2.95
27117	85.74	1.27	1.18	8.49
27119	85.79	2.55	0.97	7.03
27121	94.96	0.46	0.62	2.24
27123	58.62	13.22	15.92	8.46
27125	90.72	0.84	0.46	3.71
27127	85.33	0.86	2.69	4.59
27129	85.32	0.68	0.91	10.6
27131	78.06	7.03	2.22	10.51
27133	91.71	1.02	0.8	4.07
27135	90.41	0.88	2.63	2.11
27137	90.51	1.52	1.17	1.97
27139	76.23	7.28	6.87	6.58
27141	86.99	4.86	1.83	3.63
27143	87.05	0.9	0.88	9.43
27145	80.66	9.9	2.31	4.9
27147	84.61	3.62	1.08	9.04
27149	81.18	1.23	1.63	12.49
27151	86.5	1.23	0.82	7.37
27153	86.92	0.59	0.52	10.22
27155	85.2	0.92	0.67	6.06
27157	93.73	0.59	0.71	3.6
27159	93.04	1.03	0.54	2.68
27161	87.2	2.15	0.93	7.69
27163	77.79	5.81	8.1	5.4
27165	66.33	0.75	1.36	30.6
27167	91.2	0.78	0.49	3.96
27169	89.62	2.03	2.67	3.89
27171	89.16	2.84	2	3.74
27173	87.74	0.82	0.64	5.59
28001	37.31	55.81	0.57	4.63
28003	81.4	12.37	0.67	3.86
28005	58.96	38.05	0.3	1.44
28007	51.63	44.39	0.52	2.14
28009	60.94	34.26	0.31	2.55
28011	32.33	63.02	0.95	2.78
28013	63.87	27.57	0.2	6.58
28015	63.23	33.27	0.33	1.84
28017	49.61	44.1	0.49	4.12
28019	67.58	28.51	0.51	1.95
28021	10.9	85.8	0.73	1.43
28023	63	34.34	0.28	1.15
28025	37.21	59.94	0.48	1.25
28027	19.01	76.46	0.58	3.14
28029	43.76	49.7	0.48	4.66
28031	59.67	35.45	0.53	2.73
28033	55.63	34.85	1.79	5.89
28035	55.95	36.58	1.15	4.44
28037	62.6	34.22	0.16	1.31
28039	86.36	7.72	0.77	3.26
28041	71.34	25.48	0.23	1.54
28043	52.58	43.85	0.48	1.6
28045	84	8.11	1.01	4.22
28047	61.57	25.6	2.94	6.82
28049	23.04	73.03	0.77	2.17
28051	15.1	82.46	0.27	1.14
28053	20.45	76.62	0.68	1.26
28055	29.14	60.03	0.72	9.47
28057	88.51	7.45	0.52	1.95
28059	66.5	20.89	2.33	7.77
28061	44.83	51.99	0.21	1.62
28063	13.61	83.78	0.3	1.07
28065	38.47	58.7	0.32	1.22
28067	63.16	28.68	0.48	6.23
28069	33.48	60.03	0.24	1.01
28071	69.16	23.45	2.42	3.57
28073	70.9	22.32	1.45	3.76
28075	50.57	44.71	0.85	2.54
28077	63.57	32.26	0.49	2.33
28079	46.69	38.98	0.65	6.65
28081	62.59	31.02	1.11	3.56
28083	21.04	74.24	0.67	3.36
28085	67.28	29.47	0.61	1.36
28087	49.94	45.41	0.94	2.29
28089	54.28	37.83	2.99	3.82
28091	65.01	31.03	0.5	1.93
28093	48.05	44.64	0.35	5.41
28095	66.19	30.44	0.34	1.64
28097	52.8	43.65	0.69	1.59
28099	57.36	21.69	0.57	1.98
28101	59.86	31.29	0.52	1.96
28103	25.37	71.46	0.32	1.94
28105	55.44	37.34	3.41	2.36
28107	46.76	49.42	0.24	2.13
28109	80.78	11.87	0.47	4.37
28111	77.07	18.74	0.19	2.05
28113	41.3	55	0.63	1.77
28115	75.03	15.6	0.42	7.18
28117	80.84	15.18	0.9	1.55
28119	24.13	73.04	0.29	0.56
28121	70.87	23	1.47	3.29
28123	46.46	35.78	0.62	15.6
28125	23.14	72.03	0.96	2.73
28127	61.47	34.66	0.51	1.86
28129	73.03	23.82	0.23	1.77
28131	76.46	18.21	0.53	2.71
28133	23.1	72.77	0.46	2.73
28135	36.67	56.67	0.89	4.12
28137	64.6	30.08	0.3	3.42
28139	76.29	16.11	0.34	5.37
28141	92.17	2.91	0.26	3.31
28143	18.06	77.31	0.81	2.56
28145	76.94	15.49	0.94	4.92
28147	53.39	41.78	0.66	2.09
28149	46.31	49.44	0.86	2.15
28151	23.63	73.26	0.69	1.58
28153	56.08	40.31	0.3	1.87
28155	78.14	17.75	0.22	2.08
28157	28.38	69.1	0.09	1.23
28159	49.57	45.93	0.4	1.87
28161	58.1	37.96	0.26	1.92
28163	35.24	58.09	0.59	4.66
29001	87.77	3.75	2.71	3.19
29003	93.12	1.26	0.67	2.77
29005	95.09	0.59	0.49	2.27
29007	87.51	5.6	0.65	3.28
29009	83.47	0.61	2.63	10.52
29011	91.94	0.7	0.67	3.14
29013	92.51	1.56	0.39	2.84
29015	93.78	0.75	0.46	2.25
29017	95.03	0.65	0.27	1.71
29019	76.72	9.91	5.23	4.5
29021	81.14	5.8	1.56	7.62
29023	87.27	5.8	0.94	2.54
29025	92.77	1.02	0.5	2.43
29027	89	4.85	0.82	2.57
29029	92.83	0.72	0.7	3.61
29031	84.19	8.11	1.91	3.06
29033	93.03	2.04	0.17	2.69
29035	93	0.72	0.26	2.38
29037	85.03	5.2	0.91	5.65
29039	93.38	0.85	0.51	2.37
29041	93.76	2.47	0.26	1.62
29043	91.36	1.02	0.87	3.92
29045	95.87	0.65	0.44	0.98
29047	77.55	7.87	2.67	8.19
29049	92.67	1.36	0.5	2.84
29051	80.68	11.4	1.48	3.75
29053	88.71	5.45	0.72	2.12
29055	94.28	0.73	0.42	2.53
29057	92.55	0.65	0.57	2.42
29059	93.62	0.56	0.48	2.33
29061	95.39	0.49	0.21	1.8
29063	91.36	3.55	0.59	2.45
29065	93.32	0.67	0.79	2.34
29067	92.21	0.8	0.56	2.7
29069	78.1	10.74	0.9	7.8
29071	94.14	0.98	0.58	2.4
29073	95.28	0.73	0.45	1.73
29075	94.8	0.92	0.65	2.02
29077	85.32	3.42	2.33	5.27
29079	92.49	1.07	1.17	2.89
29081	94.37	0.5	0.51	2.69
29083	92.34	1.23	0.52	3.17
29085	93.53	0.76	0.32	1.97
29087	94.4	0.61	0.28	1.93
29089	89.14	4.87	0.43	2.36
29091	93.13	0.67	0.78	2.75
29093	93.33	1.5	0.21	2.33
29095	60.31	22.37	2.03	11.54
29097	81.49	2.07	1.28	10.04
29099	92.88	1.34	0.95	2.73
29101	85.08	4.26	1.79	5.2
29103	95.27	0.97	0.62	0.89
29105	91.98	1.07	0.77	3.12
29107	90.91	2.08	0.59	3.5
29109	87.09	0.65	0.78	8.61
29111	92.07	3.3	0.64	1.91
29113	92.22	2.01	0.56	2.98
29115	93.88	1.06	0.24	3.05
29117	91.66	3.13	0.9	2.25
29119	73.99	1.75	1.82	12.38
29121	92.62	2.41	0.78	2
29123	93.16	1.25	0.98	2.7
29125	93.64	0.82	0.46	2.28
29127	89.71	4.4	0.83	2.09
29129	91.21	0.46	0.81	5.51
29131	93.95	0.85	0.5	2.3
29133	72.01	23.02	0.35	2.33
29135	89.19	2.37	0.45	6.06
29137	91.88	2.83	0.4	1.79
29139	93.12	1.57	0.64	2.41
29141	92.98	0.92	0.46	2.78
29143	78.79	16.35	0.43	2.08
29145	83.23	1.04	1.73	7
29147	92.5	2.27	1.6	2.25
29149	93.13	0.54	0.53	1.78
29151	96.89	0.45	0.18	1.15
29153	93.79	0.43	0.33	2.33
29155	67.19	25.7	0.52	3.41
29157	94.07	0.7	1.25	2.58
29159	82.49	3.31	0.95	10.14
29161	87.64	2.52	3.44	3.19
29163	89.08	5.98	0.4	2.47
29165	78.02	8.39	2.91	7.26
29167	92.21	0.91	1.01	3.14
29169	69.63	10.47	3.15	11.48
29171	93.79	0.24	0.56	3.21
29173	95.04	1.36	0.45	1.29
29175	88.45	4.83	0.75	2.73
29177	92.75	1.24	0.49	3
29179	92.64	1.53	0.25	1.71
29181	93.54	1.05	0.39	1.73
29183	84.01	6.09	3.33	4.24
29185	94.02	0.73	0.36	2.42
29186	94.22	1.75	0.33	1.58
29187	91.67	4.04	0.43	1.98
29189	63.5	25.03	5.06	3.88
29195	75.42	5.69	1.17	12.77
29197	96	0.32	0.64	1.55
29199	96.45	0.17	0.26	1.35
29201	82.28	12.14	0.49	2.69
29203	92.21	0.64	0.35	2.8
29205	94.2	1.35	0.29	2.33
29207	94.14	1.37	0.4	2.34
29209	93.12	0.55	0.56	3.17
29211	77.04	2.64	0.83	17.91
29213	86.44	1.62	1.17	7.58
29215	90.23	3.95	0.39	2.6
29217	92.64	0.96	0.77	2.84
29219	90.66	2.31	0.5	4.2
29221	93.65	2.75	0.38	1.17
29223	94.01	1.01	0.43	1.61
29225	93.22	1.18	0.44	2.51
29227	95.33	1.1	0.26	2.15
29229	93.21	0.86	0.55	2.91
29510	45.68	42.75	3.61	5.27
30001	89.25	0.39	0.62	5.36
30003	26.65	0.42	0.7	5.04
30005	44.62	0.54	0.3	2.97
30007	92.26	0.62	0.46	3.77
30009	92.39	0.8	0.87	3.07
30011	94.92	0.28	0.21	1.27
30013	84.09	1.4	1.2	5.4
30015	76.84	0.22	0.6	3.2
30017	90.3	0.78	0.63	3.48
30019	90.51	0.12	0.18	3.8
30021	90.98	0.59	0.61	3.8
30023	90.68	0.45	0.51	3.63
30025	93.72	0.53	0.77	2.1
30027	92.84	0.38	0.69	2.56
30029	91.22	0.31	1.12	3.95
30031	89.42	0.48	1.76	5.49
30033	96.2	0.41	0.08	1.07
30035	29.72	0.35	0.48	3.12
30037	89.58	1.2	0.72	4.31
30039	92.43	0.56	0.64	3.14
30041	67.98	0.59	0.77	3.76
30043	91.39	0.57	0.66	3.07
30045	94.22	0.1	0.53	3.2
30047	66.25	0.42	0.8	4.51
30049	90.2	0.5	0.88	4.2
30051	93.47	0.76	0.41	1.27
30053	92.08	0.43	0.53	3.2
30055	94.09	0.6	0.36	2.03
30057	91.51	0.81	0.56	4.4
30059	93.48	0.68	0.48	2.51
30061	89.41	0.57	0.86	4.11
30063	87.39	0.48	1.82	4.98
30065	89.11	1	1.32	4.46
30067	92.42	0.46	0.53	3.63
30069	94.58	0.18	0	1.81
30071	82.49	0.16	0.35	3.2
30073	79.07	0.51	0.49	2.69
30075	91.51	0.17	0.11	2.81
30077	87.47	1.23	0.46	3.29
30079	89.21	0.36	0.63	3.87
30081	91.37	0.41	0.82	4.39
30083	88.14	0.55	0.69	5.68
30085	32.72	0.46	0.67	3.09
30087	54.51	0.36	1.67	4.47
30089	89.33	0.31	0.61	3.69
30091	90.31	0.34	0.77	3.89
30093	89.98	0.57	0.89	4.65
30095	92.26	0.25	0.66	3.78
30097	92.4	0.37	0.85	3.11
30099	91.63	0.26	1.2	2.22
30101	83.95	1.68	0.94	4.52
30103	89.12	0	1.04	4.79
30105	84.8	0.59	0.88	2.57
30107	90.37	0.39	0.63	4.38
30109	90.22	0.44	0.88	4.84
30111	84.65	0.6	0.85	6.77
31001	83.06	1.05	1.38	12.75
31003	93.72	0.44	0.49	4.24
31005	97.33	0	0.24	0.49
31007	88.43	1.63	0.3	8.61
31009	93.35	0.46	0	2.98
31011	93.22	0.58	0.56	4.6
31013	79.12	1.82	0.7	13.09
31015	93.91	0.12	1.45	2.26
31017	89.48	0.46	0.28	6.62
31019	84.67	1.08	1.49	10.91
31021	91.24	0.83	0.46	3.76
31023	90.89	0.82	0.34	6.35
31025	91.84	0.8	0.66	4.31
31027	94.83	0.48	0.25	2.67
31029	81.5	0.59	0.99	16.08
31031	84.67	0.51	0.66	3.35
31033	86.63	0.79	1.17	9.12
31035	87.46	0.77	0.31	9.99
31037	44.71	5.19	1.27	48.05
31039	85.32	0.45	0.62	12.36
31041	93.09	0.8	0.35	4.04
31043	41.85	8.24	3.34	41.92
31045	85.98	1.68	1.24	5.34
31047	52.87	6.68	1.45	37.53
31049	88.67	0.21	0.43	8.39
31051	81.57	0.64	0.38	15.81
31053	78.17	0.96	0.76	18.44
31055	66.63	11	4.57	14.7
31057	88.53	0.83	0.19	7.3
31059	93.42	0.54	0.74	3.95
31061	93.52	0.6	0.18	3.79
31063	93.58	0.62	0.35	3.52
31065	91.92	0.66	0.44	5.25
31067	92.97	0.7	0.73	3.59
31069	91.14	0.39	0.22	5.63
31071	96.77	0.28	0.11	1.64
31073	89.98	1.03	0.38	6.44
31075	95.75	0.18	0.18	2.12
31077	94.82	0.68	0.23	3.42
31079	61.17	3.09	1.39	33.01
31081	92.63	0.46	0.38	4.77
31083	94.19	0.69	0.59	2.92
31085	88.06	0.83	0.47	8.39
31087	92.63	0.39	0.39	4.43
31089	91.85	0.54	0.53	5.96
31091	95.58	0	0.29	2.5
31093	93.99	0.57	0.64	3.51
31095	91.38	0.55	0.47	5.74
31097	77.53	7.14	1.25	11.52
31099	90.78	0.34	0.3	7.27
31101	87.02	0.81	0.74	9.47
31103	95.78	0	0.37	2.61
31105	84.19	0.49	1.34	9.61
31107	84.89	0.52	0.45	3.1
31109	78.87	4.2	4.75	8.67
31111	86.78	1.1	0.78	9.42
31113	92.82	0.31	0.61	2.9
31115	93.92	1.86	0.34	3.72
31117	97.39	0.52	0.26	0.78
31119	77.94	1.25	1.82	16.49
31121	90.44	0.45	1.03	6.16
31123	81.57	0.53	0.8	14.85
31125	94.35	0.76	0.18	2.78
31127	92.55	1.47	0.59	3.34
31129	92.7	0.29	1.54	3.93
31131	87.14	1.04	0.74	9.09
31133	94.55	0.84	0.36	1.95
31135	92.16	0.75	0.21	5.76
31137	90.15	0.45	0.5	7.21
31139	94.33	0.52	0.37	3.12
31141	72.67	1.1	1.01	24.25
31143	90.51	0.4	0.34	6.83
31145	90.39	1.32	0.37	6.26
31147	90.79	0.47	0.47	2.51
31149	95.75	0.16	0.47	2.36
31151	64.96	1.14	2.56	29.71
31153	77.74	4.3	2.83	11.83
31155	94.25	0.6	0.49	2.81
31157	71.66	0.74	0.99	24.14
31159	93.85	0.79	0.51	3.05
31161	80.68	0.65	1.03	5.7
31163	94.23	0.67	0.74	2.85
31165	90.73	0.52	0.35	5.98
31167	89.62	0.91	0.29	7.26
31169	93.6	0.79	0.27	3.52
31171	89.81	1.33	0.3	5.61
31173	36.57	0.58	0.84	5.58
31175	93.87	0.52	0.5	3.79
31177	93.3	0.87	0.45	3.59
31179	85.58	1.68	0.78	10.17
31181	89.62	0.75	0.42	6.33
31183	93.29	0.39	0.39	4.26
31185	89.15	1.71	0.68	6.3
32001	71.33	2.22	2.92	15.72
32003	38.62	12.69	11.6	32.13
32005	80.01	0.72	2.22	13.1
32007	64.91	1.04	1.33	26.18
32009	62.09	3.94	1.77	19.02
32011	79.81	1.46	1.1	12.21
32013	64.4	0.91	1.2	27.66
32015	68.66	0.85	1.49	23.31
32017	84.07	3.12	0.97	7.01
32019	70.92	1.21	2.01	20.27
32021	61.46	3.95	3.2	13.96
32023	70.97	3.88	2.5	17.91
32027	64.57	3.83	1.62	23.88
32029	81.13	1.7	2.23	10.1
32031	59.78	2.55	6.41	26.48
32033	72.05	3.07	1.27	16.78
32510	63.84	2.17	2.85	26.67
33001	94.15	0.69	1.17	2.37
33003	95.21	0.59	0.84	1.8
33005	92.89	0.87	1.51	2.71
33007	94.06	0.85	0.78	2.44
33009	89.5	1.38	4.1	2.92
33011	81.57	2.81	4.74	8.82
33013	91.3	1.8	2.33	2.83
33015	91.24	0.9	2.48	3.84
33017	89.5	1.27	3.76	3.31
33019	93.56	0.99	1.2	2.16
34001	54.82	14.45	8.02	20.54
34003	51.89	5.68	17.67	23.3
34005	63.45	17.62	6.19	9.99
34007	53.16	18.89	6.28	19.52
34009	84.92	3.85	1.02	8.39
34011	41.68	17.93	1.65	36.11
34013	29.14	37.24	6.72	25.25
34015	74.4	11.26	3.4	8.69
34017	28.77	11.39	17.58	40.77
34019	80.98	2.61	5.28	9.59
34021	43.08	18.83	12.88	23.33
34023	37.84	10.47	26.15	23.99
34025	73.37	6.35	5.77	12.99
34027	66.95	3.58	11.54	16.28
34029	82.42	3.3	2.07	11
34031	38.47	9.6	6.19	44.66
34033	70.63	13.84	1.11	11.86
34035	49.72	9.79	20.85	17.88
34037	80.61	2.73	2.44	12.72
34039	36.6	20.54	6.28	35.27
34041	75	6.54	3.23	13.68
35001	38.28	2.85	3.25	49.14
35003	74.8	0.68	0.44	17.99
35005	36.25	1.65	1.39	59.06
35006	19.3	1.39	0.83	33.47
35007	47.8	0.85	0.91	47.31
35009	43.41	5.63	1.97	46.23
35011	55.16	0.84	0.36	40.25
35013	27.02	1.83	1.48	67.98
35015	43.44	1.46	1.02	52.07
35017	47.6	0.96	0.99	47.95
35019	16.94	2.1	1.42	77.14
35021	54.49	1.76	0.32	41.19
35023	39.72	1.19	0.71	56.49
35025	31.04	3.42	0.85	63.16
35027	60.99	0.7	0.8	33.37
35028	70.17	1.34	7.43	18.15
35029	27.68	1.29	1.5	67.64
35031	8.04	0.52	1.38	12.38
35033	19.11	0.41	0.7	78.78
35035	46.47	3.67	1.81	40.02
35037	49.15	1.68	1.28	45.17
35039	14.62	0.68	0.96	66.97
35041	48.43	2.09	1.6	45.27
35043	41.47	2.33	2.01	40.5
35045	36.49	0.55	0.8	19.91
35047	19.86	1.72	1.53	75.06
35049	45.76	1	1.77	47.69
35051	64.43	1.02	0.88	30.24
35053	33.28	0.97	2.1	50.29
35055	40.98	0.59	1.11	50.48
35057	50.21	1.36	0.77	43.73
35059	53.18	2.3	0.86	40.67
35061	30.87	1.44	1.11	61.1
36001	69.3	12.95	7.47	7.35
36003	93.42	1.47	1.2	2.21
36005	9.04	30.02	5	55.01
36007	80.25	5.98	5.14	5.72
36009	89.61	1.47	0.9	2.46
36011	89.1	3.65	0.73	3.72
36013	84.88	2.06	0.68	9.8
36015	84.86	5.79	1.55	3.9
36017	94.14	0.93	0.61	2.59
36019	90.13	3	1.4	3.44
36021	84.98	4.27	2.22	6.38
36023	91.13	1.98	1.15	3.56
36025	90.05	1.92	1.37	5.01
36027	67.51	10.54	3.72	15.93
36029	73.13	12.81	5.04	6.45
36031	92.91	1.69	0.81	2.89
36033	84.9	2.98	0.58	2.88
36035	90.8	1.75	0.87	4.57
36037	88.83	2.64	0.69	4.88
36039	84.92	4.43	1.37	6.83
36041	93.92	1.36	0.73	2.16
36043	92.92	1.5	0.75	3
36045	80.97	5.64	1.84	7.95
36047	37.23	28.61	13.14	18.86
36049	95.51	0.7	0.47	1.82
36051	90.33	1.79	1.28	4.73
36053	92.09	1.91	0.93	2.74
36055	68.85	14.64	3.89	10.05
36057	78.67	2.66	1.16	15.69
36059	54.64	11.68	13.39	18.77
36061	46.78	12.97	13.61	24.4
36063	83.46	7.22	1.44	4.09
36065	79.72	6.26	4.46	7.24
36067	74.9	11.28	3.96	6.06
36069	88.27	2.48	1.47	5.84
36071	58.66	11.43	3.31	24.44
36073	86.91	4.28	0.63	5.54
36075	92.63	1.11	0.77	3.44
36077	89.54	2.52	1.69	4.56
36079	71.64	3.51	2.51	20.83
36081	23.98	17.71	27.99	28.08
36083	80.5	7.65	3.12	6.22
36085	55.39	8.97	14.54	19.51
36087	61.09	10.47	6.28	20.82
36089	92.01	1.81	1.17	2.55
36091	88.79	2.04	3.12	4.05
36093	69.3	12.16	5.96	8.32
36095	91.55	1.55	0.86	4.17
36097	93.92	1.07	0.7	2.15
36099	89.67	3.01	0.83	4.32
36101	92.91	1.53	1.62	2.07
36103	62.69	7.86	4.87	23.07
36105	67.23	8.83	2.22	19.34
36107	93.87	1.11	0.93	2.44
36109	75.88	4.05	10.12	6.49
36111	76.55	6.05	2.37	12.4
36113	92.62	1.47	1.03	3.11
36115	92.69	2.18	0.62	2.96
36117	88.51	2.85	0.78	5.38
36119	50.59	13.41	6.88	27.52
36121	90.31	4.14	0.53	3.71
36123	94.22	1.09	0.8	2.5
37001	58.58	21.4	2.12	15.44
37003	85.33	5.55	1.27	5.81
37005	83.88	2.4	0.77	11.52
37007	44.37	46.89	1.72	4.63
37009	90.91	0.89	0.52	6.12
37011	87.5	3.91	0.79	6.22
37013	66.73	22.85	0.66	7.91
37015	35	59.68	0.8	2.51
37017	54.01	31.71	0.5	9.54
37019	82.38	8.71	0.87	5.71
37021	81.8	5.65	1.52	8.56
37023	79.27	6.22	3.71	8.57
37025	56.77	20.81	7.04	12.96
37027	85.25	5.05	0.9	6.81
37029	80.98	9.3	1.79	4.58
37031	86.4	4.86	1.14	4.9
37033	61.14	30.46	0.73	5.34
37035	72.81	8.32	4.96	11.66
37037	70.86	10.8	2.82	13.43
37039	89.87	1.6	0.73	3.97
37041	61.36	31.61	0.83	4.15
37043	91.47	1.4	0.47	4.24
37045	71.09	20.47	1.23	4.97
37047	59.29	29.21	0.61	5.82
37049	66.06	19.78	3.06	7.76
37051	39.97	38.04	2.82	13.12
37053	84.81	5.57	1.3	5.44
37055	86.98	2.43	1.06	7.35
37057	76.26	10.38	2.02	9.2
37059	82.07	6.36	0.98	8.4
37061	50.34	23.74	0.83	23.59
37063	42.95	32.99	6.09	15.41
37065	34.86	56.62	0.53	6.31
37067	54.04	25.6	2.82	15.26
37069	60.61	24.32	1.01	11.6
37071	66.39	18.93	1.89	10.19
37073	64.29	29.63	0.5	2.11
37075	84.75	1.63	0.7	3.24
37077	55.55	29.81	0.92	11.45
37079	45.43	36.17	0.64	15.93
37081	46.36	35	5.69	10.2
37083	37.7	52.68	0.88	3.55
37085	58.35	20.62	1.48	15.56
37087	90.69	1.37	0.79	5.07
37089	80.39	3.01	1.3	12.97
37091	32.78	57.28	1.32	6.21
37093	36.41	34.31	1.9	15.79
37095	60.69	28.24	0.85	8.38
37097	73.33	12.03	2.81	9.57
37099	79.22	2.23	1.19	7.99
37101	61.55	17.83	1.26	16.93
37103	63.54	27.37	0.64	5.4
37105	56.21	17.77	1.6	21.78
37107	47.64	40.62	0.72	9.18
37109	82.72	5.98	1.09	8.38
37111	85.97	3.9	1.19	7.08
37113	85.58	1.41	1.04	10.21
37115	92.24	1.55	0.56	3.79
37117	52.23	40.81	0.69	4.5
37119	43.93	30.99	6.69	15.94
37121	91.02	0.8	0.69	5.79
37123	63.6	16.73	1.86	15.91
37125	77.05	10.37	1.83	7.82
37127	46.84	41.35	1.22	8.36
37129	76.31	11.75	1.56	7.92
37131	39.79	54.81	0.45	2.7
37133	65.13	13.75	2.23	14.25
37135	67.38	11.31	8.14	10.52
37137	74.14	16.88	0.71	5.27
37139	54.48	34.85	1.42	6.19
37141	75.85	11.97	0.93	8.84
37143	73.05	20.58	0.7	3.4
37145	64.48	25.78	0.45	6.52
37147	51.79	35.51	2.24	8.04
37149	87.11	4	1.11	5.81
37151	74.97	6.8	1.7	14.25
37153	54.55	31.13	1.19	8.04
37155	23.1	22.85	0.75	11.14
37157	70.75	18.5	0.75	7.3
37159	68.18	16.35	1.19	12.15
37161	81.67	9.22	0.69	5.95
37163	49.27	24.01	0.71	22.44
37165	40.5	38.99	0.98	4.32
37167	78.45	11.68	2.04	5.96
37169	89.41	4.2	0.47	4.1
37171	81.52	3.63	0.81	12.62
37173	59.08	2	0.76	6.03
37175	88.48	3.08	0.69	5.08
37177	54	30.22	1.88	10.95
37179	66.97	12	5.23	13.58
37181	37.36	50.05	0.98	9.84
37183	57.12	19.34	9.36	11.54
37185	39.13	48.11	0.61	4.81
37187	45.45	47.4	0.49	4.43
37189	89.21	1.78	1.36	5.83
37191	51.03	30.81	1.36	13.96
37193	85.62	4.39	0.63	7.61
37195	45.17	38.77	1.25	12.68
37197	82.07	3.22	0.61	12.64
37199	91.36	0.84	0.42	5.82
38001	88.81	1.66	3.24	3.01
38003	91.06	2.04	1.61	2.13
38005	43.24	0.54	0.56	1.97
38007	91.88	0.97	3.19	2.8
38009	89.62	0.68	0.79	2.68
38011	91.84	0.52	0.14	4.81
38013	91.19	0.7	1.03	3.56
38015	86.72	2.13	1.04	3.41
38017	82.15	7.18	3.17	3.8
38019	92.77	0.61	0.67	2.53
38021	91.47	0.63	1.18	4.18
38023	88.52	1.92	1.92	4.12
38025	80.47	1.74	1.67	4.33
38027	88.38	0.35	0.4	3.89
38029	94.82	0.53	0.78	1.4
38031	93.71	0.94	0.54	1.87
38033	91.8	0.69	0.17	3.79
38035	82.46	4.07	2.78	5.69
38037	94.09	0.18	0.99	1.22
38039	96.93	0.53	0.13	1.29
38041	90.89	0.87	0.33	2.24
38043	94.49	0.3	0.81	2.52
38045	94.92	0.49	0.15	2.54
38047	91.92	0.21	0.54	2.94
38049	93.72	0.72	0.33	2.48
38051	92.08	1.09	1.05	3.7
38053	73.96	1.73	1.22	13.03
38055	88.29	0.54	0.58	2.3
38057	91.49	0.61	0.76	2.83
38059	87.05	1.52	0.56	4.66
38061	57.47	1.61	1	8.88
38063	91.34	0.77	0.74	3.28
38065	93.19	0.48	0.43	2.08
38067	88.74	0.9	0.65	4.94
38069	89.21	0.74	1.36	2.1
38071	81.22	0.84	1.11	3.04
38073	92.18	0.95	1.23	2.82
38075	92.06	0.57	0.26	2.54
38077	90.02	1.17	0.62	3.74
38079	18.21	0.5	0.27	1.3
38081	90.25	2.41	0.93	3.18
38083	93.13	0.08	0.63	1.26
38085	12.49	0.71	0.22	2.61
38087	94.96	1.04	0	0.45
38089	85.02	2.44	1.63	7.54
38091	93.94	0.39	0.22	2.58
38093	90.45	2.03	0.81	3.31
38095	88.87	0.44	0.69	2.91
38097	90.43	1.18	0.73	4.08
38099	81.83	0.67	1.11	13.07
38101	80.94	4.42	1.71	7.42
38103	95.72	0.23	0.36	1.73
38105	76.29	5.03	1.22	10.29
39001	95.82	0.58	0.43	1.01
39003	79.94	11.84	0.97	3.75
39005	94.75	0.98	0.78	1.86
39007	88	3.73	0.51	5.1
39009	89.31	2.79	2.94	2.29
39011	95.18	0.69	0.55	1.93
39013	91.47	4.53	0.53	1.38
39015	95.85	0.96	0.39	1.26
39017	75.46	9.7	5.03	7
39019	95.55	0.78	0.37	1.36
39021	92.79	2.09	0.46	1.83
39023	82.24	9.12	0.79	4.33
39025	91.9	2.04	1.54	2.62
39027	92.21	2.07	0.73	2.36
39029	93.33	2.38	0.36	2.02
39031	95.14	1.1	0.47	1.34
39033	94.48	1.18	0.79	1.96
39035	57.43	29.42	3.55	7.17
39037	95.01	0.85	0.57	1.96
39039	84.89	1.79	0.56	11.26
39041	79.95	4.67	9.56	3.5
39043	82.24	8.67	0.82	4.71
39045	80.75	10.52	3.24	2.87
39047	91.24	2.34	1.32	2.52
39049	58.67	24.41	5.9	7.53
39051	87.65	0.77	0.57	9.42
39053	93.41	2.13	0.7	1.16
39055	94.76	1.32	0.73	2.05
39057	82.89	7.09	3.21	3.4
39059	94.04	1.59	0.45	1.41
39061	63.25	26.16	2.92	4.87
39063	87.55	2.09	2.09	6.15
39065	93.2	1.09	0.93	2.53
39067	94.22	1.95	0.35	1.24
39069	88.76	0.86	0.59	8.36
39071	94.66	1.44	0.44	1.28
39073	95.91	0.77	0.47	1
39075	97.47	0.37	0.27	1.08
39077	89.04	1.15	0.47	7.42
39079	95.48	0.77	0.53	1.04
39081	89.29	5.34	0.56	1.96
39083	94.51	1.01	0.65	2.1
39085	85.54	5.5	1.59	5.45
39087	94.12	2.18	0.49	1.16
39089	85.69	4.67	4.4	2.52
39091	92.12	1.95	0.98	2.36
39093	76.47	7.81	1.6	11.19
39095	66.88	19.96	1.79	7.97
39097	86.57	6.34	1.59	3.32
39099	74.93	14.54	0.99	7.06
39101	87	6.5	0.62	3.34
39103	92.47	1.65	1.46	2.81
39105	96.08	0.91	0.33	1.08
39107	94.24	0.49	0.61	2.19
39109	90.53	2.86	1.95	2.2
39111	96.31	0.97	0.27	0.62
39113	68.27	21.65	2.52	4.31
39115	91.3	2.83	0.23	1.25
39117	94.74	0.9	0.48	2.02
39119	90.82	3.81	0.52	1.37
39121	93.51	3.19	0.31	1.36
39123	91.72	1	0.42	5.34
39125	91.05	1.05	0.38	5.94
39127	96.03	0.66	0.25	0.98
39129	91.34	3.82	0.62	2.08
39131	94.47	1.26	0.34	1.07
39133	87.49	5.22	2.42	2.36
39135	95.5	0.91	0.69	1.16
39137	91.56	0.54	0.27	6.72
39139	84.66	9.46	0.86	2.34
39141	89.14	5.63	0.56	1.48
39143	82.59	3.09	0.57	11.06
39145	92.62	2.82	0.45	1.59
39147	88.2	2.38	0.86	5.82
39149	92.03	2.4	1.08	1.76
39151	84.66	7.94	1.05	3.12
39153	74.51	15.14	4.64	2.8
39155	85.81	8.64	0.59	2.39
39157	92.42	0.83	0.41	4.7
39159	84.81	2.89	6.67	3.67
39161	92.66	1.11	0.39	4.22
39163	95.94	0.58	0.34	1.07
39165	82.88	3.73	7.53	3.57
39167	94.39	1.36	0.8	1.29
39169	93.05	1.59	1.09	2.51
39171	91.12	1.31	0.61	5.61
39173	86.42	2.76	2.14	6.64
39175	94.44	0.48	0.75	3.04
40001	39.66	0.75	1.31	7.46
40003	80.27	5.69	0.67	6.65
40005	67.19	5.32	1.05	4.59
40007	64.01	1.22	0.52	30.31
40009	74.42	5.01	1.31	13.89
40011	70.22	3.43	0.4	12.91
40013	67.68	1.99	0.74	8.2
40015	54.07	3.93	0.67	17.24
40017	70.25	4.84	3.51	12.53
40019	67.5	6.08	1.43	8.99
40021	45.74	1.5	1.21	8.17
40023	57.6	9.79	0.78	5.52
40025	68.92	0.68	0.55	25.92
40027	67.8	5.66	4.92	11.29
40029	63.6	1.27	0.36	4.99
40031	54.66	15.37	2.82	14.99
40033	74.41	2.08	0.37	8.33
40035	60.87	3.08	1.64	4.31
40037	73.81	2.21	0.81	5.7
40039	66.25	2.49	1.6	20.07
40041	62.55	0.63	2.01	4.69
40043	80.24	0.72	1.49	6.18
40045	82.79	0.63	0.74	9.68
40047	69.78	2.8	1.45	15.6
40049	72.38	2.1	0.64	10.77
40051	79.27	2.24	0.55	7.35
40053	85.89	2.01	0.37	4.87
40055	72.39	7.79	0.42	13.06
40057	50.5	7.15	1.76	33.78
40059	70.22	0.31	0.38	25.02
40061	67.96	0.98	1.5	5.45
40063	60.95	6.42	0.42	6.36
40065	61.58	6.06	1.72	25.23
40067	76.25	1.33	0.86	10.9
40069	66.75	2.74	0.72	6.36
40071	71.73	2	0.72	9.18
40073	72.81	1.56	0.52	18.36
40075	71.79	3.41	0.46	12.84
40077	61.66	1.54	0.79	4.26
40079	68.76	2.11	1	8.28
40081	80.31	1.97	0.59	4.25
40083	75.08	6.99	0.81	9.36
40085	67.62	2.18	0.95	18.68
40087	75.91	1.42	0.71	10.08
40089	58.96	7.77	1.09	7.24
40091	66.35	2.87	0.74	3.61
40093	81.6	0.82	0.96	11.53
40095	64.03	1.77	0.54	18.28
40097	62.88	0.8	0.74	4.1
40099	69.16	1.86	0.62	7.34
40101	53.86	9.85	1.04	7.79
40103	78.97	1.77	0.67	4.97
40105	64.8	2.46	0.76	3.2
40107	59.46	7.25	1.09	4.21
40109	52.66	15.07	3.74	20.36
40111	61.21	7.37	0.69	5.45
40113	62.9	10.44	0.62	4.97
40115	62.39	1.23	0.85	6.23
40117	74.55	1.06	0.51	4.12
40119	74.1	4.07	4.38	6.53
40121	67.75	2.83	0.64	5.95
40123	62.57	1.86	0.89	7.03
40125	70.18	3.16	0.87	6.53
40127	69	1.43	0.56	4.62
40129	81.34	0.64	0.76	8.62
40131	69.6	1.29	2.06	6.42
40133	62.85	3.82	0.61	5.83
40135	60.79	1.94	0.97	5.28
40137	77.6	2.1	0.9	9.03
40139	38.86	3.97	2.91	52.51
40141	58.48	5.6	0.63	27.69
40143	57.78	10.28	4.11	15.84
40145	67.95	3.83	2.24	9.22
40147	70.58	2.47	1.83	7.07
40149	82.73	1.07	0.62	9.6
40151	81.73	3.19	1.28	7.64
40153	76.85	1.94	0.78	15.55
41001	89.19	0.72	0.69	5.33
41003	78.43	1.22	6.41	9.44
41005	78.36	1.32	5.77	10.23
41007	83.26	0.72	1.69	10.43
41009	85.88	0.74	1.28	7.15
41011	84	0.52	1.44	7.55
41013	87.13	0.42	0.73	8.02
41015	84.68	0.6	1.07	7.87
41017	85.19	0.53	1.49	9.34
41019	86.04	0.49	1.26	6.91
41021	87.36	0.64	0.99	6.17
41023	90.52	0.29	0.87	4.12
41025	85.43	0.94	0.5	5.81
41027	63.86	0.52	1.68	30.7
41029	78.02	0.85	1.79	15.09
41031	60.62	0.78	0.86	21.69
41033	84.5	0.58	1.2	9.06
41035	76.16	0.7	1.2	14.4
41037	81.23	0.74	1.21	11.44
41039	79.44	1.17	3.26	10.77
41041	80.84	0.74	1.57	10.41
41043	82.37	0.68	1.39	10.98
41045	60.02	1.31	1.44	34.47
41047	61.93	1.26	2.78	29.32
41049	53.19	0.63	1.19	42.2
41051	66.51	5.85	8.33	13.73
41053	75.3	0.95	2.26	16.05
41055	87.13	0.36	1.08	6.92
41057	82.92	0.53	1.07	11.4
41059	62.72	0.99	1.28	30.03
41061	87.64	0.71	1.2	5.54
41063	91.4	0.42	0.63	4.42
41065	71.77	0.59	1.13	21.06
41067	60.97	2.56	12.97	18.72
41069	86.28	0.21	0.7	6.82
41071	74.69	0.95	2.08	18.02
42001	87.91	1.77	0.99	7.66
42003	76.79	13.14	4.53	2.97
42005	96.35	1.08	0.34	1.03
42007	87.91	6.36	0.64	2.46
42009	96.37	0.67	0.5	1.32
42011	67.1	4.48	1.67	25.33
42013	93.61	2.29	0.72	1.61
42015	95.29	0.8	0.77	1.67
42017	81.38	4.23	5.86	6.69
42019	93.51	1.34	1.71	2.07
42021	90.93	4.31	0.56	2.24
42023	94.59	0.73	0.62	2.1
42025	88.44	2.09	0.66	7.39
42027	84.47	3.75	6.39	3.68
42029	76.73	5.66	7.34	8.33
42031	95.34	1.4	0.8	1.14
42033	93.85	1.8	0.65	2.67
42035	94.37	1.49	0.74	1.95
42037	91.48	1.92	1.07	4.27
42039	94.31	1.78	0.58	1.62
42041	80.76	4.85	6.74	5.28
42043	61.16	16.69	7.15	11.97
42045	62.9	22.85	6.81	5.13
42047	96.79	0.54	0.39	1.08
42049	82.87	7.38	2.28	4.88
42051	91	4.7	0.48	1.48
42053	70	23.35	0.26	5.23
42055	85.43	3.52	1.29	7.7
42057	95.21	1.36	0.26	1.38
42059	92.91	3.69	0.39	1.6
42061	90.12	5.61	0.77	2.14
42063	92.82	2.8	1.05	1.91
42065	96.82	0.46	0.33	1.06
42067	93.29	0.79	0.54	4.3
42069	80.57	3.96	3.4	10.35
42071	79.96	3.8	2.81	11.66
42073	90.5	4.12	0.47	2.32
42075	78.75	2.13	2.2	15.61
42077	59.29	6.2	4.21	28.63
42079	73.93	4.77	1.43	18.43
42081	89.28	4.81	0.85	2.43
42083	93.2	2.45	0.69	2.03
42085	89.66	5.57	0.72	1.76
42087	94.78	0.95	0.56	2.36
42089	61.8	14.46	2.77	18.7
42091	72.56	9.77	8.69	6.75
42093	89.77	1.99	3.71	3.19
42095	72.62	6.16	3.43	15.95
42097	89.91	2.71	0.49	5.48
42099	94.32	0.99	0.61	2.55
42101	34.01	39.49	8.38	15.77
42103	77.82	5.88	1.67	12.82
42105	95.43	0.54	0.54	1.93
42107	86.08	3.23	0.64	8.63
42109	94.13	1.21	0.69	2.7
42111	94.33	2.68	0.49	1.59
42113	93.21	2.01	0.62	2.52
42115	94.83	0.75	0.46	2.56
42117	95.54	0.73	0.54	1.76
42119	86.51	4.98	1.8	5.09
42121	95.5	1.15	0.47	1.29
42123	96.15	0.62	0.54	1.33
42125	91.03	3.23	1.43	2.09
42127	89.48	2.9	0.89	5.37
42129	92.62	2.8	1.11	1.64
42131	94.37	1.04	0.52	2.54
42133	79.85	6.27	1.79	9.88
44001	89.33	1.33	2.86	4.38
44003	84.54	2.53	3.22	7.45
44005	84.72	3.58	2.09	6.71
44007	57.73	9.14	4.44	25.99
44009	89.88	1.41	2.29	3.93
45001	69.86	25.36	0.4	2.28
45003	64.25	24.58	1.25	7.32
45005	23.1	71.22	0.96	3.03
45007	75.8	15.45	1.24	5.32
45009	37.21	58.19	0.87	1.8
45011	51.12	42.49	0.84	3.16
45013	69	15.43	1.53	12.12
45015	61.38	23.63	2.69	9.17
45017	55.67	37.79	0.54	4.05
45019	66.24	22.88	1.94	7.01
45021	71.47	19.7	0.71	5.78
45023	58.52	34.87	0.57	3.31
45025	58.44	31.96	0.67	6.14
45027	50.23	44.26	0.78	3.17
45029	57.28	34.64	0.6	4.75
45031	53.46	41.39	0.65	2.53
45033	44.47	46.1	0.61	3.61
45035	61.6	25.4	2.36	7.28
45037	58.4	31.71	0.84	7.17
45039	40.17	54.12	0.84	2.7
45041	49.48	43.4	1.76	3.42
45043	66.93	27.6	0.68	3.62
45045	66.19	17.1	2.84	11.65
45047	58.58	31.12	1.22	7.39
45049	41.51	51.26	0.87	4.49
45051	77.09	11.61	1.52	7.3
45053	48.18	32.09	0.86	17.2
45055	65.53	25.01	0.96	6.14
45057	67.24	19.45	3.72	7.65
45059	66.96	23.54	0.65	6.91
45061	33.79	61.25	0.53	2.64
45063	70.88	16.09	2.53	8.09
45065	58.21	37.6	0.73	1.95
45067	38.74	55.6	0.62	2.85
45069	39.17	50.42	0.42	2.91
45071	60.1	27.95	0.76	9.47
45073	83.77	7.03	0.86	6.27
45075	33.55	60.58	0.98	2.79
45077	83.76	6.82	1.96	5.49
45079	39.67	48.2	3.09	6.46
45081	58.57	21.96	0.54	17.41
45083	65.86	19.69	2.67	9.5
45085	44.12	47.33	1.44	4.53
45087	64.51	30.01	0.54	2.22
45089	32.73	62.32	0.87	2.63
45091	67.08	18.75	3.71	7.61
46003	86.23	1.04	0.79	8.16
46005	68.1	1.01	11.77	14.84
46007	32.22	0.57	0.88	3.75
46009	86.27	1.47	0.33	2.66
46011	87.34	1.64	3.37	4.85
46013	84.99	1.57	3.11	4.74
46015	81.13	0.51	0.58	2.54
46017	15.13	0.64	0.21	1.8
46019	89.34	0.66	0.55	4.23
46021	92.16	0.37	0.52	4.4
46023	64.25	0.61	0.42	2.97
46025	91.06	1.67	0.28	5.55
46027	86.31	1.82	2.66	3.37
46029	90.76	0.7	0.83	3.5
46031	30.65	0.71	0.45	1.61
46033	89.51	0.86	1.16	3.42
46035	87.77	0.87	0.99	5.35
46037	84.48	0.46	0.92	2.72
46039	94.03	0.83	0.21	3.1
46041	20.1	0.65	0.42	2.3
46043	91.51	0.63	0.18	3.45
46045	95.09	0.32	0.67	2.12
46047	84.53	1.12	1.92	3.71
46049	95.17	0.42	0.51	2.93
46051	89.05	0.79	0.45	7.63
46053	86.56	0.42	0.47	2.09
46055	91.19	0.27	0.38	1.62
46057	91.3	0.48	0.42	6.05
46059	94.43	0.55	0.87	2.22
46061	94.41	0.58	0.43	1.58
46063	90.86	1.13	0.76	2.64
46065	80.38	0.81	0.74	3.31
46067	93.06	1.04	0.39	2.95
46069	83.98	0.67	0.42	1.77
46071	37.43	1.51	0.36	2.56
46073	90.6	0.36	0.36	5.42
46075	87.02	0.35	0	1.99
46077	93.35	0.55	0.99	2.98
46079	89.55	1.16	0.92	5.37
46081	89.66	0.94	1.57	3.99
46083	89.98	2.28	1.91	3.31
46085	57.17	0.62	0.81	1.4
46087	92.82	0.72	0.36	3.46
46089	93.57	0.6	0.39	3.21
46091	84.19	0.82	0.27	6.65
46093	86.12	1.83	1.34	5.04
46095	39.55	0.65	0.27	1.62
46097	93.11	0.96	0.61	2.72
46099	79.14	6.82	2.18	6.85
46101	75.01	1.16	2	6.31
46102	6.83	0.63	0.18	3.39
46103	79.22	1.29	1.43	5.94
46105	92.91	0.6	0.6	2.26
46107	91.01	0.58	1.12	2.57
46109	56.85	0.62	0.53	3.01
46111	92.25	0.38	0.21	4.75
46115	93.76	0.86	0.16	2.98
46117	88.1	0.85	0.36	1.48
46119	89.63	2.54	0.2	2.88
46121	8.06	0.47	4.49	2.48
46123	80.39	0.52	0.55	1.51
46125	92.8	0.65	0.53	4.09
46127	89.4	1.39	1.51	5.14
46129	77.78	0.42	1.84	2.47
46135	87.01	1.65	0.71	6.16
46137	27.22	0.65	0.22	1.38
47001	87.48	3.98	1.55	4.28
47003	72.63	7.63	1.18	16.31
47005	91.28	2.55	0.66	3.11
47007	88.12	5.41	0.34	3.86
47009	89.33	2.86	0.95	4.83
47011	82.86	4.92	1.33	8.63
47013	95.69	0.59	0.45	1.67
47015	91.77	2.18	0.54	3.33
47017	83.81	9.83	0.49	3.31
47019	92.87	2.03	0.55	2.74
47021	89.28	3	0.59	4.88
47023	84.21	8.93	0.74	3.54
47025	94.3	1.23	0.98	1.81
47027	93.35	1.5	0.17	3.01
47029	91.81	2.04	0.56	3.22
47031	85.45	3.96	1.3	6.54
47033	71.76	14.09	0.53	11.59
47035	93.24	0.79	0.73	3.72
47037	54.59	25.38	3.8	13.75
47039	90.83	2.53	0.84	3.95
47041	87.27	1.63	1.24	7.84
47043	87.76	3.87	0.72	5.2
47045	77.54	15.19	0.7	4.14
47047	66.21	27.48	0.95	3.97
47049	94.98	0.58	0.6	2.35
47051	87.92	4.72	0.95	3.82
47053	76.01	17.47	0.55	3.6
47055	83.98	9.53	0.51	3.12
47057	93.35	1.04	0.3	3.71
47059	91.3	2.28	0.6	4.01
47061	93.78	1.28	0.6	2.02
47063	77.82	3.5	1.15	15.14
47065	69.52	17.74	2.34	8.17
47067	95.82	0.73	0.3	1.06
47069	53.69	41.1	0.92	2.22
47071	91.55	3.25	0.59	2.57
47073	93.99	1.46	0.59	2.23
47075	42.63	50.55	0.38	4.89
47077	85.97	7.59	0.46	3.11
47079	86.72	7.04	0.67	3.05
47081	88.93	4.55	0.49	3.61
47083	90.05	3.12	0.66	3.46
47085	90.8	2.87	0.84	3.12
47087	93.29	0.96	0.22	3.09
47089	90.68	1.91	0.76	4.8
47091	92.08	2.54	0.33	3.4
47093	80.03	8.4	2.61	6.37
47095	66.52	26.99	0.36	3.23
47097	59.46	34.81	0.59	2.9
47099	92.51	1.9	0.51	2.9
47101	91.34	2.1	0.89	3.5
47103	85.38	6.77	0.74	4.28
47105	85.55	1.36	0.99	10.53
47107	88.19	3.68	0.76	4.76
47109	89.02	6.03	0.47	2.3
47111	89.06	1.28	0.93	7.01
47113	53.56	37.72	1.29	5.41
47115	90.26	3.85	0.78	2.77
47117	83.56	5.94	0.67	7.46
47119	76.93	10.85	1.42	8.28
47121	92.57	2.21	0.39	2.58
47123	90.17	1.95	0.61	4.93
47125	59.54	21.44	2.39	11.64
47127	92.22	2.36	1.57	2.15
47129	91.97	3.56	0.33	2.18
47131	80.81	10.54	0.48	5.66
47133	94.62	0.87	0.34	2.45
47135	90.9	2.92	1.08	2.31
47137	95.71	0.37	0.27	2.13
47139	94.52	0.91	0.43	2.26
47141	85.64	2.21	1.54	8.6
47143	88.44	2.08	0.69	6.48
47145	91.65	2.74	0.73	2.72
47147	79.3	7.46	0.95	10.23
47149	64.26	16.46	4.03	12.35
47151	96.39	0.37	0.45	1.34
47153	91.33	1.04	0.52	5.02
47155	85.74	1.35	1.47	9.64
47157	33.04	53.33	3.03	8.9
47159	91.25	2.52	0.68	3.41
47161	90.83	2.03	1.03	3.11
47163	92.02	2.36	0.89	2.78
47165	79.99	8.45	1.78	7.48
47167	75.01	18.31	0.84	3.22
47169	81.71	11	0.47	4.37
47171	90.43	0.65	0.42	6.84
47173	94.85	0.66	0.27	2.52
47175	94.13	0.95	0.37	2.62
47177	83.55	3.33	0.95	10.1
47179	86.79	4.11	1.71	5.02
47181	88.8	6.31	0.33	2.93
47183	84.93	8.26	1.41	3.32
47185	92.23	1.69	0.56	3.38
47187	82.32	4.01	5.65	6.04
47189	80.26	7.73	2.89	6.75
48001	56.86	20.4	1.08	19.65
48003	38.26	1.47	0.77	58.16
48005	58.74	14.77	1.14	23.83
48007	67.13	1.59	1.85	27.3
48009	85.46	1.27	0.65	9.6
48011	84.66	1.69	0.22	10.97
48013	31.02	1.16	0.79	66.01
48015	60.67	8.57	0.9	28.24
48017	29.84	1.48	1	66.29
48019	74.2	1.4	0.72	21.6
48021	45.19	5.99	1.13	45.9
48023	78.98	3.03	0.4	14.12
48025	28.17	8.42	0.78	61.67
48027	42.87	22.49	3.33	26.64
48029	26.63	8.08	3.66	59.81
48031	77.1	1.16	1.05	18.51
48033	80.94	1.75	0.17	14.86
48035	75.82	1.85	0.76	19.58
48037	61.39	25.45	1.34	8.72
48039	41.48	16.84	7.93	31.84
48041	54.19	10.76	5.72	27.46
48043	50.6	2.41	2.55	42.05
48045	63.94	4.01	0.14	28.51
48047	8.29	2.69	1.34	86.92
48049	70.71	3.62	0.82	22.9
48051	63.56	10.44	0.83	23.17
48053	71.81	1.69	1.19	23.5
48055	35.14	5.18	0.88	57.59
48057	41.74	2.19	5.11	49.66
48059	83.07	1.74	0.75	11.79
48061	9.01	0.64	0.95	89.16
48063	53.28	14.76	1.48	27.88
48065	83.07	1.43	0.75	11.26
48067	75	15.98	0.72	5.77
48069	30.48	1.95	1	65.62
48071	60.85	8.62	1.56	27.33
48073	59.83	13.18	0.71	24.19
48075	55.54	9.68	1.1	31.26
48077	86.72	1.29	0.97	7.35
48079	33.48	3.83	0.72	60.22
48081	74.25	0.87	0.12	21.81
48083	76.64	3.15	1.19	16.95
48085	49.91	11.47	19.69	16.09
48087	58.84	5.62	0.66	31.33
48089	55.24	11.21	0.82	31.01
48091	64.42	3.02	1.77	28.82
48093	66.78	0.93	0.85	29.8
48095	53.93	11.71	1.58	31.48
48097	72.09	3.15	1.14	21.14
48099	55.32	16.22	2.47	21.11
48101	60.43	9.74	0.23	27.2
48103	24.29	2.95	1.14	70.18
48105	32.89	1.22	1.43	63.05
48107	37.93	3.4	0.45	56.64
48109	24.32	2.87	2.37	68.31
48111	40.42	1.78	1.44	54.9
48113	26.57	23.02	7.37	41.35
48115	34.91	6.44	1.19	56.38
48117	20.31	1.02	0.65	77.13
48119	78.55	5.76	0.74	9.98
48121	52.91	11.82	12.08	20.5
48123	54.48	7.67	0.6	36.07
48125	65.81	2.51	1.46	27.64
48127	9.73	1.53	1.04	87.44
48129	77.6	5.29	0.93	13.35
48131	14.49	2.25	0.61	81.96
48133	77.53	2.06	0.9	17.24
48135	28.07	4.55	1.5	64.54
48137	45.8	1.72	1.22	49.68
48139	51.88	16.53	1.16	28.41
48141	11.11	3.46	1.52	82.83
48143	72.62	1.92	1.19	22.4
48145	50.26	21.36	0.74	25.85
48147	75.9	6.5	0.84	13.74
48149	69.89	5.68	0.64	22.18
48151	65.78	3.96	0.47	27.3
48153	35.89	3.67	0.53	58.68
48155	71.55	5.84	1.02	19.28
48157	28.87	21.73	22.66	24.75
48159	77.4	4.6	1.16	14.42
48161	65.61	14.09	0.97	17.42
48163	15.36	3.85	2.77	77.66
48165	56	1.57	0.74	40.68
48167	54.8	12.72	3.74	26.73
48169	37.77	5.73	1.08	53.44
48171	74.07	0.61	0.67	23.32
48173	61.61	2.63	0.26	34.36
48175	61.87	4.06	0.7	31.49
48177	41.08	5.73	0.71	51.16
48179	59.6	4.69	0.76	32.26
48181	71.87	5.86	1.59	16.72
48183	55.32	20.36	1.47	20.47
48185	58.64	13.19	0.59	25.72
48187	47.7	8.05	2.26	39.47
48189	31.46	4.75	0.64	61.95
48191	52.7	8.62	0.64	35.88
48193	81.84	1.06	1.01	14.54
48195	47.03	0.95	0.47	50.03
48197	65.73	5.93	0.89	24.33
48199	84.06	5.82	0.95	7.18
48201	26.99	19.75	7.67	44.06
48203	61.39	20.63	0.86	15.07
48205	60.68	5.64	0.86	31.55
48207	65.44	4.25	0.97	26.82
48209	51.7	4.16	2.53	39.59
48211	62.62	0.72	1.47	32.93
48213	75.24	6.06	0.83	15.37
48215	6.11	0.65	1.15	91.94
48217	68	5.57	0.78	23.47
48219	44.67	3.31	0.53	49.89
48221	81.52	1.31	0.99	14.18
48223	70.9	6.67	0.9	19.25
48225	59.67	23.1	0.77	14.68
48227	44.14	4.66	1.27	47.92
48229	19.56	6.93	2.93	68.15
48231	65.2	8.32	1.69	22.16
48233	68.4	2.4	0.68	25.27
48235	69.66	1.55	0.52	25.56
48237	75.26	3.53	0.86	18.78
48239	57.66	5.99	1.25	33.42
48241	74.19	15.5	0.7	7.26
48243	64.12	0.75	1.94	29.58
48245	36.55	33.26	4.03	24.57
48247	8.64	1.17	0.72	88.64
48249	18.22	0.74	0.65	79.63
48251	64.35	5.76	1.38	25.89
48253	56.89	12.17	0.74	28.77
48255	34.9	10.17	0.65	53.56
48257	46.64	20.75	2.35	28.05
48259	69.83	1.47	1.93	24.83
48261	20.41	2.33	1.46	73.18
48263	78.88	0.95	0.27	17.17
48265	68.21	1.5	1.34	27.14
48267	73.41	1.01	0.92	22.96
48269	79.26	2.3	0	14.29
48271	40.98	2.19	0.95	53.11
48273	20.98	3.46	2.27	71.87
48275	57.12	5.18	0.85	33.56
48277	71.62	13.13	0.85	9.95
48279	36.02	3.63	0.71	58.4
48281	69.9	4.01	1.5	21
48283	18.49	1.82	0.73	77.5
48285	72.37	5.6	0.66	20.11
48287	61.72	8.97	0.62	26.95
48289	74.02	6.05	0.99	16.97
48291	48.02	7.95	0.87	41.79
48293	56.75	16.18	1.08	23.9
48295	55.68	1.51	0.96	38.3
48297	48.4	6.28	1.27	42.19
48299	82.15	1.18	0.79	14.05
48301	81.4	6.98	0	11.63
48303	51.96	7.23	2.49	36.61
48305	55.37	2.27	0.49	40.29
48307	64.81	2.32	0.79	30.25
48309	54.78	13.93	1.97	27.16
48311	54.75	2.64	1.41	39.44
48313	52.74	17.65	1.08	26.57
48315	70.63	19.29	0.99	5.44
48317	49.46	2.66	0.65	45.65
48319	74.36	0.53	0.28	23.48
48321	42.45	10.14	1.97	44.07
48323	2.89	0.55	0.57	94.69
48325	42.15	3.44	0.91	52.1
48327	62.05	2.15	0.36	33.71
48329	42.19	6.73	2.34	47.06
48331	62.8	8.35	0.88	25.95
48333	78.63	1.47	0.9	17.37
48335	47.35	11.17	0.97	38.85
48337	83.47	0.94	0.56	12.45
48339	58.82	7.08	3.81	28.26
48341	27.98	4.84	4.29	61.49
48343	62.6	21.15	0.94	11.62
48345	77.55	2.84	0.2	16.08
48347	58.13	16.52	1.4	21.84
48349	51.14	11.74	1	32.77
48351	75.82	16.58	0.61	3.9
48353	54.86	4.59	0.89	37.88
48355	29.64	3.71	2.53	62.92
48357	39.45	0.61	0.71	57.82
48359	71.17	3.2	2.3	20.64
48361	77.71	8.96	1.19	10.03
48363	74.04	2.26	0.94	20.76
48365	71.49	15.01	0.65	10.6
48367	79.62	1.82	1.01	15.14
48369	30.39	1.24	1.02	66.77
48371	22.12	3.92	1.61	71.37
48373	71.36	8.87	1.03	15.58
48375	42.83	10.32	4.91	39.85
48377	13.27	1.88	1.79	82.42
48379	82.11	2.76	1.19	10.7
48381	66.73	3.76	2.18	25.31
48383	25.66	3.09	1.31	68.51
48385	66.82	1.82	0.56	27.72
48387	73.14	15.09	0.53	7.97
48389	10.24	1.97	1.41	85.69
48391	40.65	5.85	0.93	51.04
48393	82.74	0.24	0.24	12.74
48395	56.39	18.1	0.92	22.69
48397	62.12	9.92	4.03	21.49
48399	59.78	2.14	1.27	35.42
48401	61.71	15.93	0.74	19.51
48403	84.74	6.67	0.72	4.66
48405	68.08	20.96	0.46	8.37
48407	68.63	8.4	0.71	19.92
48409	39.09	1.71	1.4	56.57
48411	62.09	4.38	0.72	30.68
48413	42.58	1.63	0.63	53.7
48415	49.75	3.68	1.09	43.92
48417	82.56	1.52	0.53	13.1
48419	59.87	16.54	1.67	20.14
48421	48.51	1.42	1.12	48.02
48423	58.02	17.05	1.76	21.13
48425	77.45	1.15	1.09	18.04
48427	2.48	0.22	0.25	96.98
48429	67.92	3.22	1.1	25.73
48431	59.84	1.43	0.29	35.22
48433	72.99	3.28	1.72	20.28
48435	34.74	0.65	0.81	63.64
48437	42.26	8.11	0.85	46.71
48439	42.16	18.38	6.38	30.51
48441	61.62	8.03	2.2	25.44
48443	43.96	1.75	0.73	49.93
48445	37.34	3.78	0.7	57.19
48447	84.14	1.18	0.72	12.06
48449	42.54	9.21	1.35	45.44
48451	51.86	3.52	1.46	41.23
48453	47.9	8.61	8.81	32.37
48455	76.53	8.47	0.65	11.96
48457	76.88	11.26	0.68	8.85
48459	77.91	7.68	0.82	10.71
48461	38.5	3.02	0.71	55.48
48463	25.83	0.92	1.27	71.15
48465	15.55	1.58	0.86	81.25
48467	80.22	2.95	0.64	14.02
48469	43.1	5.71	1.41	48.4
48471	53.8	21.67	1.2	21.73
48473	38.2	23.69	2.44	33.97
48475	36.09	4.06	1.01	57.09
48477	62.56	15.75	1.64	18.71
48479	3.9	0.49	0.65	94.91
48481	43.62	12.49	0.75	42.34
48483	68.61	2.77	0.92	25.04
48485	62.95	10.56	2.28	20.91
48487	55.19	7.63	3.38	30.81
48489	9.49	2.22	0.92	87.17
48491	53.41	7.31	11.71	24.89
48493	55.02	1.95	0.91	40.69
48495	31.28	2.36	1.15	63.83
48497	73.51	1.83	0.75	21.5
48499	81.5	4.05	0.77	11.68
48501	30.87	1.23	0.68	65.81
48503	74.98	1.49	0.82	21.01
48505	4.75	0.58	0.26	94.25
48507	5.69	0.93	0.35	92.65
49001	81.27	0.83	0.83	14.49
49003	86.06	0.44	0.83	10.36
49005	82.23	0.92	2.38	11.91
49007	82.53	0.52	0.59	13.51
49009	90.93	0.1	0.6	5.24
49011	80.66	1.25	2.41	11.98
49013	85.25	0.33	0.58	7.73
49015	89.4	0.31	0.56	7.32
49017	86.77	0.64	1.11	7.43
49019	77.85	0.83	2.34	13.12
49021	83.64	0.68	1.09	10.71
49023	90.72	0.38	0.54	5.62
49025	89.72	0.72	0.95	5.22
49027	82.02	0.33	1.72	13.35
49029	94.55	0.35	0.66	2.92
49031	88.65	0.19	0.45	8.71
49033	92.7	0.75	0.34	4.49
49035	67.71	1.95	4.85	20.7
49037	46.35	0.45	0.61	5.89
49039	84.81	0.93	0.88	10.5
49041	90.95	0.47	0.44	5.48
49043	83.76	0.79	2.28	11.36
49045	78.33	0.92	1	15.86
49047	81.6	0.51	0.75	8.85
49049	78.55	0.74	2.08	14.63
49051	81.72	0.48	1.42	14.58
49053	81.92	0.68	1.25	12.37
49055	90.24	0.61	1.07	4.86
49057	74.58	1.33	1.72	19.39
50001	91.44	1.21	1.91	3.28
50003	92.41	1.32	1.5	2.94
50005	93.69	0.84	1.16	2.2
50007	86.62	2.78	5	2.9
50009	94.16	0.62	0.8	1.78
50011	92.99	0.82	0.97	2.05
50013	91.3	0.9	0.67	2.42
50015	93.44	1.21	0.73	2.54
50017	94.82	0.69	0.61	1.94
50019	93.98	0.94	0.57	1.96
50021	94.42	0.8	0.79	2.29
50023	93.05	0.94	0.98	2.79
50025	91.64	1.55	1.35	3.21
50027	93.47	0.98	1.18	2.46
51001	59.35	26.52	0.95	11.2
51003	74.56	9.26	6.02	7.4
51005	90.87	4.57	0.45	1.69
51007	74.31	18.56	0.67	4.21
51009	74.8	18.05	0.61	3.03
51011	76.62	17.53	0.43	2.6
51013	59.36	10.05	11.28	15.97
51015	88.59	4.77	0.74	4.2
51017	91.78	3.38	0.54	2.37
51019	86.53	6.97	1.47	2.95
51021	92.6	4.19	0.61	1.29
51023	91.39	3.12	0.99	2.64
51025	41.43	52.7	1.03	3.01
51027	93.04	4.36	0.49	1.17
51029	62.46	31.95	0.48	2.67
51031	77.9	14.98	1.15	3.53
51033	61.25	25.26	1.17	8.33
51035	93.05	0.94	0.28	4.35
51036	45.7	41.71	0.62	2.34
51037	68.96	25.83	0.28	2.87
51041	56.68	24.44	3.94	12.16
51043	83.36	3.98	1.64	8.38
51045	95.95	0.5	0.54	1.49
51047	66.26	12.62	2.02	15.86
51049	64.52	28.82	0.61	3.07
51051	97.3	0.7	0.22	0.78
51053	61.86	30.19	0.96	4.54
51057	54.46	35.8	0.95	5.05
51059	47.71	10.25	20.77	17.69
51061	74.87	7	1.96	13.23
51063	92.38	2.01	0.55	3.01
51065	76.29	14.59	1.04	4.99
51067	85.73	7.8	0.6	3.86
51069	77.51	4.67	2.33	13.11
51071	94.12	1.77	0.59	1.84
51073	84	7.59	1	4.51
51075	78.84	13.43	1.88	3.88
51077	87.27	6.19	0.28	4.5
51079	79.51	7.41	2.28	7.72
51081	35	59.7	0.78	3
51083	60.01	34.55	0.67	2.81
51085	81.6	9.19	2.66	4.13
51087	50.12	30.03	10.01	6.98
51089	67.82	22.21	0.53	7.2
51091	96.02	0.9	0.81	1.58
51093	68.86	22.38	1.19	4.6
51095	72.69	13.82	3.07	7.41
51097	67.25	23.68	0.52	3.6
51099	70.89	15.8	1.91	7.33
51101	76.59	14.52	1.4	3.57
51103	68.48	26.88	0.95	2.12
51105	91.6	4.11	0.29	2.49
51107	51.29	7.72	23.11	14.21
51109	77.44	14.37	0.78	4.35
51111	58.22	31.78	0.48	6.54
51113	83.71	8.36	0.91	4.25
51115	85.25	7.89	0.94	2.81
51117	60.69	32.55	1.23	3.36
51119	77.58	15.2	0.6	3.19
51121	82.04	4.14	6.45	4.63
51125	81.22	10.47	1.03	4.88
51127	75.83	14.85	1.3	4.12
51131	56.98	30	1.07	9.52
51133	69.77	23.5	0.71	3.78
51135	54.54	37.45	0.89	4.87
51137	75.51	12.26	1.4	7.37
51139	92.44	2.32	0.54	2.72
51141	89.24	5.05	0.38	3.66
51143	73.52	21.04	0.58	3.24
51145	85.93	8.23	0.68	3.08
51147	60.56	31.15	1.21	4.9
51149	52.18	31.38	2.1	10.36
51153	38.23	20.24	11.08	26.32
51155	89.97	4.88	0.76	2.33
51157	86.85	3.95	1.36	5.08
51159	60.37	28.53	0.68	7.71
51161	82.97	6.97	3.71	4.26
51163	90.91	3.36	0.95	2.36
51165	84.63	2.74	1.28	9.59
51167	96.84	0.99	0.26	0.72
51169	95.68	1.07	0.24	1.61
51171	84.18	3.03	1.21	9.56
51173	93.71	2.15	0.48	2.16
51175	61.78	32.67	0.58	2.64
51177	60.82	18.18	3.21	13.99
51179	52.97	20.79	4.38	17.1
51181	55.97	37.33	0.65	3.34
51183	41.68	52.22	0.57	3.68
51185	92.7	3.42	0.84	1.47
51187	82.44	5.1	1.48	7.93
51191	94.62	1.53	0.61	1.93
51193	64.27	24.48	0.92	6.64
51195	90.52	5.97	0.53	1.52
51197	93.11	2.64	0.62	1.76
51199	67.49	13.73	6.58	8.11
51510	50.35	21.82	6.5	18.1
51520	86.68	6.47	1.13	2.89
51530	85.82	5.16	0.62	4.11
51540	65.84	16.37	7.34	6.92
51550	54.41	29.77	4.09	7.87
51570	64.62	19.42	3.64	8.81
51580	79.73	12.28	1.05	3.66
51590	38.6	52.36	1.39	5.77
51595	25.55	63.5	1.1	6.92
51600	50.69	6.39	20.47	19.26
51610	70.21	4.75	10.08	10.56
51620	38.07	54.48	0.88	3.27
51630	55.89	22.98	3.57	12.68
51640	73.28	5.73	0.86	17.49
51650	35.36	50.41	2.7	7.23
51660	61.35	8.17	4.32	23.6
51670	40.77	44.41	1.6	9.24
51678	80.63	8.61	2.96	5.15
51680	61.88	27.4	2.69	5.12
51683	33.32	12.58	7.07	44.36
51685	25.59	12.6	11.58	47.7
51690	42.05	45.27	1.1	8.61
51700	39.74	41.54	3.41	11.01
51710	41.94	39.85	4.07	10.32
51720	86.37	5.96	2.15	2.21
51730	14.46	75.18	1.06	6.63
51735	88.94	1.85	2.16	4.25
51740	35.51	53.55	1.57	5.83
51750	81.33	9.03	2.45	4.43
51760	42.9	41.49	2.51	10.64
51770	56.1	28.26	3.27	8.95
51775	81.9	8.15	2.27	5.02
51790	79.04	11.13	1.56	4.86
51800	46.36	42.71	2.3	5.52
51810	59.55	19.13	7.89	9.23
51820	72.35	12.24	1.79	9.77
51830	67.25	14.76	5.74	8.65
51840	62.8	10.23	2.81	21.13
53001	31.93	0.87	1.69	64.77
53003	88.61	0.87	1.05	4.81
53005	65.38	1.43	3.49	26.38
53007	66.54	0.53	1.38	29.21
53009	81.56	0.89	2.09	7.01
53011	73.44	2.42	5.85	12.59
53013	83.02	0.89	1.68	8.19
53015	81.09	0.97	1.79	10.8
53017	59.38	0.58	1.53	35.85
53019	72.58	0.83	1.19	4.19
53021	37.98	1.84	2.63	55.6
53023	87.13	0.21	3.51	6.05
53025	50.67	1.08	1.42	44.18
53027	77.72	1.3	1.69	11.4
53029	77.29	2.91	5.46	8.9
53031	87.38	1.07	2.22	4.58
53033	53.75	6.98	22.2	11.14
53035	73.91	2.9	5.86	9.61
53037	82.34	0.96	2.07	10.51
53039	80.71	0.54	1.08	13.23
53041	81.18	0.89	1.25	11.73
53043	89.57	0.7	0.84	4.23
53045	76.66	1.38	1.7	13.17
53047	64.26	1.13	1.17	21.22
53049	81.51	0.95	2.06	10.19
53051	87.57	0.72	1.14	4.28
53053	62.1	7.49	7.81	13.09
53055	86.58	0.82	1.71	7.68
53057	72.6	0.88	2.64	19.65
53059	85.44	1.07	1.36	6.88
53061	62.67	3.97	15.08	12.33
53063	81.94	2.03	2.53	7.3
53065	86.04	0.6	0.86	4.39
53067	71.06	3.69	6.73	10.96
53069	86.48	0.55	1.76	5.18
53071	68.62	1.73	1.89	24.45
53073	76.67	1.1	5.12	10.82
53075	76.71	2.35	7.87	8.03
53077	39.62	0.91	1.68	52.99
54001	94.35	1.4	0.32	1.2
54003	80.32	8.02	1.41	6.68
54005	97.17	0.84	0.16	0.75
54007	96.36	0.78	0.31	0.75
54009	94.41	1.61	0.66	1.52
54011	89.3	4.78	1.25	1.81
54013	96.86	0.47	0.23	0.94
54015	96.62	0.54	0.13	0.87
54017	93.48	2.86	0.53	1
54019	92.18	3.9	0.34	1.43
54021	79.51	13.23	0.85	3.93
54023	96.1	1.23	0.29	1.12
54025	92.49	2.47	0.77	1.97
54027	94.99	1.26	0.35	1.83
54029	92.73	2.65	0.58	1.84
54031	89.92	3.11	0.86	4.47
54033	93.04	1.91	0.79	2.35
54035	96.35	0.75	0.44	1.09
54037	80.81	6.03	1.89	8.01
54039	87.01	7.36	1.11	1.64
54041	95.72	0.84	0.48	1.47
54043	97	0.47	0.36	0.84
54045	96.07	1.7	0.29	0.85
54047	86.78	9.32	0.18	2.22
54049	92.28	3.18	0.65	1.65
54051	95.63	1.05	0.59	1.21
54053	95.88	1.11	0.41	0.94
54055	89.58	6.05	0.59	1.45
54057	93.27	2.72	0.57	1.34
54059	95.52	1.84	0.32	0.92
54061	86.98	3.63	3.63	3.22
54063	95.24	1.3	0.19	1.1
54065	93.99	1.22	0.62	1.9
54067	96.45	0.67	0.43	0.97
54069	91.15	3.65	0.8	1.72
54071	94.21	2.29	0.36	1.11
54073	94.82	1.79	0.36	1.33
54075	94.44	1.65	0.24	1.73
54077	94.72	1.66	0.4	1.94
54079	94.5	1.35	0.95	1.55
54081	87.45	7.6	0.71	1.81
54083	94.7	2.06	0.53	1.2
54085	96.47	0.55	0.32	1.14
54087	96.25	0.41	0.34	1.2
54089	90.88	4.63	0.35	2.07
54091	95.48	1.31	0.49	1.09
54093	96.84	0.44	0.33	1.08
54095	96.22	0.53	0.78	0.98
54097	95.48	1.11	0.46	1.45
54099	96.4	0.74	0.36	0.99
54101	97.1	0.4	0.21	0.76
54103	96.03	0.62	0.41	1.54
54105	96.66	0.62	0.44	0.28
54107	94.41	1.3	0.65	1.52
54109	96.72	0.8	0.2	0.93
55001	89.31	2.98	0.69	4.7
55003	82.19	0.68	0.78	3.04
55005	91.8	1.73	0.72	3.36
55007	85.23	0.59	0.5	2.16
55009	78.18	2.97	3.78	10.48
55011	94.46	0.56	0.46	3.11
55013	90.53	0.8	0.48	2.09
55015	88.46	0.99	2.78	5.83
55017	92.9	1.6	1.47	2.02
55019	91.2	0.46	0.56	6.3
55021	91.17	1.64	0.92	4.19
55023	93.77	2.04	0.61	2.09
55025	76.91	5.59	6.76	7.84
55027	88.05	2.79	0.75	6.86
55029	92.51	0.82	0.59	4.14
55031	90.92	1.27	1.01	1.97
55033	91.43	0.86	3.27	2.58
55035	88.69	1.13	4.47	3.22
55037	94.38	0.6	0.38	1.69
55039	86.92	2.24	1.93	6.96
55041	80.2	0.61	0.35	2.34
55043	93.79	1.49	0.93	2.68
55045	92.94	0.73	0.66	4.28
55047	91.09	0.79	0.81	5.81
55049	94.15	0.86	0.83	2.42
55051	94.11	0.34	0.4	1.83
55053	85.98	2.18	0.57	3.89
55055	87.67	1.13	1	8.51
55057	91.41	2.57	0.68	2.99
55059	72.82	7.02	2.03	15.42
55061	92.79	0.56	0.67	4.07
55063	88.1	1.69	4.94	2.82
55065	90.76	0.54	0.55	7
55067	92.54	1.18	0.6	2.61
55069	94.09	0.68	0.68	2.32
55071	87.99	1.28	2.98	5.71
55073	86.82	1.01	6.47	3.63
55075	93.75	0.72	0.55	2.99
55077	92.73	0.65	0.88	3.98
55078	15.1	1.09	1.68	4.09
55079	48.42	25.86	5.41	17.21
55081	88.95	1.54	1	5.75
55083	93.96	0.42	0.55	2.3
55085	94.49	0.59	0.63	1.8
55087	85.45	1.78	3.94	5.4
55089	89.79	1.9	2.74	3.85
55091	94.95	0.44	0.66	2.76
55093	92.52	0.87	1.35	3.03
55095	94.3	0.43	0.72	2.29
55097	89.63	1.02	3.29	4.28
55099	93.87	0.55	0.69	1.82
55101	69.31	10.9	1.47	15.43
55103	93.02	0.82	1.15	3.34
55105	80.72	4.84	1.35	10.29
55107	94.32	0.93	0.52	2.12
55109	92.76	0.76	1.33	3.1
55111	88.91	1.18	0.74	6.92
55113	78.29	0.39	0.5	2.54
55115	85.48	0.55	0.63	3.36
55117	81.33	2.36	6.26	7.86
55119	94.58	0.41	0.61	3.1
55121	84.44	0.51	0.78	13.02
55123	95.78	0.46	0.55	1.83
55125	86.31	0.35	0.56	2.32
55127	84.31	1.03	1.14	12.12
55129	93.59	0.32	0.74	2.26
55131	90.86	1.75	1.89	3.85
55133	86.08	1.95	4.21	5.9
55135	93.04	0.54	0.64	4.06
55137	88.35	1.98	0.66	7.17
55139	86.04	2.81	3.43	5.19
55141	91.08	0.98	2.05	3.93
56001	81.43	1.25	3.77	10.63
56003	86.51	0.78	0.64	9.69
56005	85.79	0.59	0.76	9.89
56007	77	1.12	1.14	17.73
56009	87.88	0.56	0.69	8.5
56011	93.86	0.9	0.33	2.44
56013	70.14	0.6	0.61	7.32
56015	85.72	1.15	0.81	10.16
56017	89.27	0.94	0.67	5.11
56019	91.23	0.69	0.84	4.38
56021	77.5	1.99	1.4	15.92
56023	90.94	0.6	0.54	5.69
56025	85.51	0.96	0.97	9.61
56027	90.31	0.89	0.55	4.42
56029	90.34	0.62	0.84	6.16
56031	87.35	0.56	0.78	8.9
56033	90.86	0.69	0.86	5.04
56035	88.11	0.86	0.84	7.5
56037	78.63	1.05	0.92	16.83
56039	79.81	0.82	1.92	15.58
56041	86.44	0.48	0.56	10.18
56043	82.13	0.43	0.93	14.06
56045	88.34	0.76	1.44	5.58
60010	74.55	9.06	1.74	10.53
60020	74.55	9.06	1.74	10.53
60050	74.55	9.06	1.74	10.53
66010	74.55	9.06	1.74	10.53
69085	74.55	9.06	1.74	10.53
69100	74.55	9.06	1.74	10.53
69110	74.55	9.06	1.74	10.53
69120	74.55	9.06	1.74	10.53
72001	74.55	9.06	1.74	10.53
72003	74.55	9.06	1.74	10.53
72005	74.55	9.06	1.74	10.53
72007	74.55	9.06	1.74	10.53
72009	74.55	9.06	1.74	10.53
72011	74.55	9.06	1.74	10.53
72013	74.55	9.06	1.74	10.53
72015	74.55	9.06	1.74	10.53
72017	74.55	9.06	1.74	10.53
72019	74.55	9.06	1.74	10.53
72021	74.55	9.06	1.74	10.53
72023	74.55	9.06	1.74	10.53
72025	74.55	9.06	1.74	10.53
72027	74.55	9.06	1.74	10.53
72029	74.55	9.06	1.74	10.53
72031	74.55	9.06	1.74	10.53
72033	74.55	9.06	1.74	10.53
72035	74.55	9.06	1.74	10.53
72037	74.55	9.06	1.74	10.53
72039	74.55	9.06	1.74	10.53
72041	74.55	9.06	1.74	10.53
72043	74.55	9.06	1.74	10.53
72045	74.55	9.06	1.74	10.53
72047	74.55	9.06	1.74	10.53
72049	74.55	9.06	1.74	10.53
72051	74.55	9.06	1.74	10.53
72053	74.55	9.06	1.74	10.53
72054	74.55	9.06	1.74	10.53
72055	74.55	9.06	1.74	10.53
72057	74.55	9.06	1.74	10.53
72059	74.55	9.06	1.74	10.53
72061	74.55	9.06	1.74	10.53
72063	74.55	9.06	1.74	10.53
72065	74.55	9.06	1.74	10.53
72067	74.55	9.06	1.74	10.53
72069	74.55	9.06	1.74	10.53
72071	74.55	9.06	1.74	10.53
72073	74.55	9.06	1.74	10.53
72075	74.55	9.06	1.74	10.53
72077	74.55	9.06	1.74	10.53
72079	74.55	9.06	1.74	10.53
72081	74.55	9.06	1.74	10.53
72083	74.55	9.06	1.74	10.53
72085	74.55	9.06	1.74	10.53
72087	74.55	9.06	1.74	10.53
72089	74.55	9.06	1.74	10.53
72091	74.55	9.06	1.74	10.53
72093	74.55	9.06	1.74	10.53
72095	74.55	9.06	1.74	10.53
72097	74.55	9.06	1.74	10.53
72099	74.55	9.06	1.74	10.53
72101	74.55	9.06	1.74	10.53
72103	74.55	9.06	1.74	10.53
72105	74.55	9.06	1.74	10.53
72107	74.55	9.06	1.74	10.53
72109	74.55	9.06	1.74	10.53
72111	74.55	9.06	1.74	10.53
72113	74.55	9.06	1.74	10.53
72115	74.55	9.06	1.74	10.53
72117	74.55	9.06	1.74	10.53
72119	74.55	9.06	1.74	10.53
72121	74.55	9.06	1.74	10.53
72123	74.55	9.06	1.74	10.53
72125	74.55	9.06	1.74	10.53
72127	74.55	9.06	1.74	10.53
72129	74.55	9.06	1.74	10.53
72131	74.55	9.06	1.74	10.53
72133	74.55	9.06	1.74	10.53
72135	74.55	9.06	1.74	10.53
72137	74.55	9.06	1.74	10.53
72139	74.55	9.06	1.74	10.53
72141	74.55	9.06	1.74	10.53
72143	74.55	9.06	1.74	10.53
72145	74.55	9.06	1.74	10.53
72147	74.55	9.06	1.74	10.53
72149	74.55	9.06	1.74	10.53
72151	74.55	9.06	1.74	10.53
72153	74.55	9.06	1.74	10.53
78010	74.55	9.06	1.74	10.53
78020	74.55	9.06	1.74	10.53
78030	74.55	9.06	1.74	10.53
